基金代码,基金名称,运作总费率（每年）,管理费率（每年）,托管费率（每年）,销售服务费率（每年）,申购费率（前端，优惠）,赎回费率（小于7天）,赎回费率（大于等于7天）
011965,基金(011965),0.0024000000000000002,0.15%（每年）,0.05%（每年）,0.04%（每年）,0.00%,1.50%,0.00%
006733,基金(006733),0.003,0.15%（每年）,0.05%（每年）,0.10%（每年）,0.00%,1.50%,0.50%
007029,基金(007029),0.003,0.15%（每年）,0.05%（每年）,0.10%（每年）,0.00%,,0.00%
007665,基金(007665),0.003,0.15%（每年）,0.05%（每年）,0.10%（每年）,0.00%,1.50%,0.00%
011609,基金(011609),0.003,0.15%（每年）,0.05%（每年）,0.10%（每年）,0.00%,,0.00%
012734,基金(012734),0.003,0.15%（每年）,0.05%（每年）,0.10%（每年）,0.00%,,0.00%
008001,基金(008001),0.004,0.15%（每年）,0.05%（每年）,0.20%（每年）,0.00%,1.50%,0.00%
003766,基金(003766),0.004,0.15%（每年）,0.05%（每年）,0.20%（每年）,0.00%,1.50%,0.125%
013277,基金(013277),0.004,0.15%（每年）,0.05%（每年）,0.20%（每年）,0.00%,1.50%,0.00%
001593,基金(001593),0.004,0.15%（每年）,0.05%（每年）,0.20%（每年）,0.00%,1.50%,0.00%
011615,基金(011615),0.0045000000000000005,0.30%（每年）,0.05%（每年）,0.10%（每年）,0.00%,1.50%,0.10%
011613,基金(011613),0.0045000000000000005,0.15%（每年）,0.05%（每年）,0.25%（每年）,0.00%,1.50%,0.00%
006087,基金(006087),0.0045000000000000005,0.15%（每年）,0.05%（每年）,0.25%（每年）,0.00%,1.50%,0.10%
004744,基金(004744),0.0045000000000000005,0.15%（每年）,0.05%（每年）,0.25%（每年）,0.00%,,0.00%
009047,基金(009047),0.0045000000000000005,0.15%（每年）,0.05%（每年）,0.25%（每年）,0.00%,1.50%,0.10%
008397,基金(008397),0.005,0.15%（每年）,0.05%（每年）,0.30%（每年）,0.00%,1.50%,0.50%
013311,基金(013311),0.005,0.15%（每年）,0.05%（每年）,0.30%（每年）,0.00%,1.50%,0.50%
006249,基金(006249),0.005,0.15%（每年）,0.05%（每年）,0.30%（每年）,0.00%,1.50%,0.10%
012180,基金(012180),0.005,0.15%（每年）,0.05%（每年）,0.30%（每年）,0.00%,1.50%,0.50%
012718,基金(012718),0.005,0.15%（每年）,0.05%（每年）,0.30%（每年）,0.00%,,0.00%
013305,基金(013305),0.005,0.15%（每年）,0.05%（每年）,0.30%（每年）,0.00%,,0.00%
009505,基金(009505),0.0055,0.15%（每年）,0.05%（每年）,0.35%（每年）,0.00%,1.50%,0.10%
070039,基金(070039),0.006,0.15%（每年）,0.05%（每年）,0.40%（每年）,0.00%,1.50%,0.00%
009013,基金(009013),0.006,0.15%（每年）,0.05%（每年）,0.40%（每年）,0.00%,1.50%,0.50%
006382,基金(006382),0.006,0.15%（每年）,0.05%（每年）,0.40%（每年）,0.00%,1.50%,0.00%
004348,基金(004348),0.006,0.15%（每年）,0.05%（每年）,0.40%（每年）,0.00%,1.50%,0.00%
004343,基金(004343),0.006,0.15%（每年）,0.05%（每年）,0.40%（每年）,0.00%,1.50%,0.50%
014662,基金(014662),0.0065,0.25%（每年）,0.05%（每年）,0.35%（每年）,0.00%,1.50%,0.00%
006215,基金(006215),0.007,0.50%（每年）,0.10%（每年）,0.10%（每年）,0.00%,1.50%,0.00%
012899,基金(012899),0.007,0.50%（每年）,0.10%（每年）,0.10%（每年）,0.00%,1.50%,0.00%
011036,基金(011036),0.007,0.50%（每年）,0.10%（每年）,0.10%（每年）,0.00%,1.50%,0.00%
013314,基金(013314),0.007,0.50%（每年）,0.10%（每年）,0.10%（每年）,0.00%,1.50%,0.50%
013894,基金(013894),0.0075,0.30%（每年）,0.05%（每年）,0.40%（每年）,0.00%,1.50%,0.00%
002096,基金(002096),0.007500000000000001,0.50%（每年）,0.15%（每年）,0.10%（每年）,0.00%,1.50%,0.50%
007223,基金(007223),0.0077,0.45%（每年）,0.07%（每年）,0.25%（每年）,0.00%,1.50%,0.00%
004819,基金(004819),0.008,0.60%（每年）,0.10%（每年）,0.10%（每年）,0.00%,1.50%,0.50%
014777,基金(014777),0.008,0.50%（每年）,0.10%（每年）,0.20%（每年）,0.00%,1.50%,0.00%
007816,基金(007816),0.008,0.50%（每年）,0.10%（每年）,0.20%（每年）,0.00%,1.50%,0.00%
012553,基金(012553),0.008,0.50%（每年）,0.10%（每年）,0.20%（每年）,0.00%,1.50%,0.00%
005919,基金(005919),0.008,0.50%（每年）,0.10%（每年）,0.20%（每年）,0.00%,1.50%,0.00%
001770,基金(001770),0.008,0.60%（每年）,0.10%（每年）,0.10%（每年）,0.00%,1.50%,0.50%
501037,基金(501037),0.008,0.50%（每年）,0.10%（每年）,0.20%（每年）,0.00%,1.50%,0.00%
001618,基金(001618),0.008,0.50%（每年）,0.10%（每年）,0.20%（每年）,0.00%,1.50%,0.00%
012551,基金(012551),0.008,0.50%（每年）,0.10%（每年）,0.20%（每年）,0.00%,1.50%,0.00%
011317,基金(011317),0.008,0.50%（每年）,0.10%（每年）,0.20%（每年）,0.00%,1.50%,0.00%
010956,基金(010956),0.008,0.50%（每年）,0.10%（每年）,0.20%（每年）,0.00%,1.50%,0.00%
012970,基金(012970),0.008,0.50%（每年）,0.10%（每年）,0.20%（每年）,0.00%,1.50%,0.00%
011840,基金(011840),0.008,0.50%（每年）,0.10%（每年）,0.20%（每年）,0.00%,1.50%,0.00%
003305,基金(003305),0.008,0.60%（每年）,0.10%（每年）,0.10%（每年）,0.00%,1.50%,0.50%
002974,基金(002974),0.008,0.50%（每年）,0.10%（每年）,0.20%（每年）,0.00%,1.50%,0.00%
015877,基金(015877),0.008,0.50%（每年）,0.10%（每年）,0.20%（每年）,0.00%,1.50%,0.00%
006433,基金(006433),0.008,0.60%（每年）,0.10%（每年）,0.10%（每年）,0.00%,1.50%,0.50%
008327,基金(008327),0.008,0.50%（每年）,0.05%（每年）,0.25%（每年）,0.00%,1.50%,0.00%
013316,基金(013316),0.0085,0.50%（每年）,0.10%（每年）,0.25%（每年）,0.00%,1.50%,0.00%
167507,基金(167507),0.0085,0.50%（每年）,0.10%（每年）,0.25%（每年）,0.00%,1.50%,0.10%
160424,基金(160424),0.0085,0.50%（每年）,0.10%（每年）,0.25%（每年）,0.00%,1.50%,0.00%
007301,基金(007301),0.0085,0.50%（每年）,0.10%（每年）,0.25%（每年）,0.00%,1.50%,0.00%
001467,基金(001467),0.0085,0.60%（每年）,0.15%（每年）,0.10%（每年）,0.00%,1.50%,0.50%
011611,基金(011611),0.0085,0.50%（每年）,0.10%（每年）,0.25%（每年）,0.00%,1.50%,0.00%
015337,基金(015337),0.0085,0.50%（每年）,0.10%（每年）,0.25%（每年）,0.00%,1.50%,0.00%
007509,基金(007509),0.0085,0.60%（每年）,0.15%（每年）,0.10%（每年）,0.00%,1.50%,0.50%
015600,基金(015600),0.0085,0.50%（每年）,0.15%（每年）,0.20%（每年）,0.00%,1.50%,0.00%
008400,基金(008400),0.0085,0.50%（每年）,0.10%（每年）,0.25%（每年）,0.00%,1.50%,0.00%
014544,基金(014544),0.0085,0.50%（每年）,0.10%（每年）,0.25%（每年）,0.00%,1.50%,0.00%
014332,基金(014332),0.0085,0.50%（每年）,0.10%（每年）,0.25%（每年）,0.00%,1.50%,0.00%
007984,基金(007984),0.009000000000000001,0.50%（每年）,0.10%（每年）,0.30%（每年）,0.00%,1.50%,0.00%
008282,基金(008282),0.009000000000000001,0.50%（每年）,0.10%（每年）,0.30%（每年）,0.00%,1.50%,0.10%
008888,基金(008888),0.009000000000000001,0.50%（每年）,0.10%（每年）,0.30%（每年）,0.00%,1.50%,0.00%
007818,基金(007818),0.009000000000000001,0.50%（每年）,0.10%（每年）,0.30%（每年）,0.00%,1.50%,0.10%
008586,基金(008586),0.009000000000000001,0.50%（每年）,0.10%（每年）,0.30%（每年）,0.00%,1.50%,0.50%
008021,基金(008021),0.009000000000000001,0.50%（每年）,0.10%（每年）,0.30%（每年）,0.00%,1.50%,0.50%
008087,基金(008087),0.009000000000000001,0.50%（每年）,0.10%（每年）,0.30%（每年）,0.00%,1.50%,0.50%
002233,基金(002233),0.009000000000000001,0.40%（每年）,0.10%（每年）,0.40%（每年）,0.00%,1.50%,0.50%
006910,基金(006910),0.009000000000000001,0.50%（每年）,0.10%（每年）,0.30%（每年）,0.00%,1.50%,0.00%
004497,基金(004497),0.009000000000000001,0.70%（每年）,0.10%（每年）,0.10%（每年）,0.00%,1.50%,0.50%
012630,基金(012630),0.009000000000000001,0.50%（每年）,0.10%（每年）,0.30%（每年）,0.00%,1.50%,0.00%
012555,基金(012555),0.009000000000000001,0.50%（每年）,0.10%（每年）,0.30%（每年）,0.00%,1.50%,0.00%
013318,基金(013318),0.009000000000000001,0.50%（每年）,0.10%（每年）,0.30%（每年）,0.00%,1.50%,0.00%
002052,基金(002052),0.009000000000000001,0.60%（每年）,0.20%（每年）,0.10%（每年）,0.00%,1.50%,0.50%
012838,基金(012838),0.009000000000000001,0.50%（每年）,0.10%（每年）,0.30%（每年）,0.00%,1.50%,0.00%
013811,基金(013811),0.009000000000000001,0.50%（每年）,0.10%（每年）,0.30%（每年）,0.00%,1.50%,0.00%
010524,基金(010524),0.009000000000000001,0.50%（每年）,0.10%（每年）,0.30%（每年）,0.00%,1.50%,0.00%
010531,基金(010531),0.009000000000000001,0.50%（每年）,0.10%（每年）,0.30%（每年）,0.00%,1.50%,0.00%
013299,基金(013299),0.009000000000000001,0.50%（每年）,0.10%（每年）,0.30%（每年）,0.00%,1.50%,0.00%
002051,基金(002051),0.009000000000000001,0.60%（每年）,0.20%（每年）,0.10%（每年）,0.00%,1.50%,0.50%
002112,基金(002112),0.009499999999999998,0.70%（每年）,0.15%（每年）,0.10%（每年）,0.00%,1.50%,0.50%
010993,基金(010993),0.0095,0.50%（每年）,0.05%（每年）,0.40%（每年）,0.00%,1.50%,0.10%
013446,基金(013446),0.0095,0.50%（每年）,0.05%（每年）,0.40%（每年）,0.00%,1.50%,0.10%
005391,基金(005391),0.0095,0.50%（每年）,0.10%（每年）,0.35%（每年）,0.00%,1.50%,0.125%
009478,基金(009478),0.0095,0.50%（每年）,0.10%（每年）,0.35%（每年）,0.00%,1.50%,0.10%
001407,基金(001407),0.0095,0.60%（每年）,0.15%（每年）,0.20%（每年）,0.00%,1.50%,0.50%
014855,基金(014855),0.0095,0.60%（每年）,0.10%（每年）,0.25%（每年）,0.00%,1.50%,0.00%
008137,基金(008137),0.0095,0.60%（每年）,0.15%（每年）,0.20%（每年）,0.00%,1.50%,0.50%
007658,基金(007658),0.0095,0.50%（每年）,0.05%（每年）,0.40%（每年）,0.00%,1.50%,0.50%
008987,基金(008987),0.0095,0.50%（每年）,0.10%（每年）,0.35%（每年）,0.00%,1.50%,0.00%
015577,基金(015577),0.0095,0.60%（每年）,0.10%（每年）,0.25%（每年）,0.00%,1.50%,0.00%
160226,基金(160226),0.009999999999999998,0.70%（每年）,0.20%（每年）,0.10%（每年）,0.00%,1.50%,0.50%
519771,基金(519771),0.01,0.60%（每年）,0.20%（每年）,0.20%（每年）,0.00%,1.50%,0.50%
015895,基金(015895),0.01,0.50%（每年）,0.10%（每年）,0.40%（每年）,0.00%,1.50%,0.00%
015788,基金(015788),0.01,0.50%（每年）,0.10%（每年）,0.40%（每年）,0.00%,1.50%,0.00%
004719,基金(004719),0.01,0.60%（每年）,0.10%（每年）,0.30%（每年）,0.00%,1.50%,0.50%
005727,基金(005727),0.01,0.50%（每年）,0.10%（每年）,0.40%（每年）,0.00%,1.50%,0.00%
005874,基金(005874),0.01,0.50%（每年）,0.10%（每年）,0.40%（每年）,0.00%,1.50%,0.50%
015795,基金(015795),0.01,0.60%（每年）,0.10%（每年）,0.30%（每年）,0.00%,1.50%,0.00%
005374,基金(005374),0.01,0.60%（每年）,0.10%（每年）,0.30%（每年）,0.00%,1.50%,0.50%
002157,基金(002157),0.01,0.60%（每年）,0.20%（每年）,0.20%（每年）,0.00%,1.50%,0.50%
012213,基金(012213),0.01,0.60%（每年）,0.10%（每年）,0.30%（每年）,0.00%,1.50%,0.50%
010772,基金(010772),0.01,0.60%（每年）,0.10%（每年）,0.30%（每年）,0.00%,1.50%,0.50%
010203,基金(010203),0.01,0.60%（每年）,0.10%（每年）,0.30%（每年）,0.00%,1.50%,0.50%
012908,基金(012908),0.01,0.50%（每年）,0.10%（每年）,0.40%（每年）,0.00%,1.50%,0.00%
001557,基金(001557),0.01,0.60%（每年）,0.10%（每年）,0.30%（每年）,0.00%,1.50%,0.50%
013303,基金(013303),0.01,0.50%（每年）,0.10%（每年）,0.40%（每年）,0.00%,1.50%,0.00%
008750,基金(008750),0.01,0.50%（每年）,0.10%（每年）,0.40%（每年）,0.00%,1.50%,0.50%
007874,基金(007874),0.01,0.50%（每年）,0.10%（每年）,0.40%（每年）,0.00%,1.50%,0.00%
004409,基金(004409),0.01,0.50%（每年）,0.10%（每年）,0.40%（每年）,0.00%,1.50%,0.50%
004347,基金(004347),0.01,0.50%（每年）,0.10%（每年）,0.40%（每年）,0.00%,1.50%,0.50%
009034,基金(009034),0.01,0.50%（每年）,0.10%（每年）,0.40%（每年）,0.00%,1.50%,0.50%
004433,基金(004433),0.01,0.50%（每年）,0.10%（每年）,0.40%（每年）,0.00%,1.50%,0.00%
002316,基金(002316),0.010000000000000002,0.80%（每年）,0.10%（每年）,0.10%（每年）,0.00%,1.50%,0.50%
012809,基金(012809),0.010499999999999999,0.60%（每年）,0.15%（每年）,0.30%（每年）,0.00%,1.50%,0.00%
010786,基金(010786),0.0105,0.50%（每年）,0.15%（每年）,0.40%（每年）,0.00%,1.50%,0.50%
007465,基金(007465),0.0105,0.50%（每年）,0.15%（每年）,0.40%（每年）,0.00%,1.50%,0.10%
003578,基金(003578),0.0105,0.50%（每年）,0.15%（每年）,0.40%（每年）,0.00%,1.50%,0.10%
006938,基金(006938),0.011,0.75%（每年）,0.15%（每年）,0.20%（每年）,0.00%,1.50%,0.00%
001665,基金(001665),0.011,0.60%（每年）,0.10%（每年）,0.40%（每年）,0.00%,1.50%,0.50%
002771,基金(002771),0.011000000000000001,0.80%（每年）,0.10%（每年）,0.20%（每年）,0.00%,1.50%,0.50%
003761,基金(003761),0.011099999999999999,1.00%（每年）,0.10%（每年）,0.01%（每年）,0.00%,1.50%,0.10%
006594,基金(006594),0.0115,0.75%（每年）,0.10%（每年）,0.30%（每年）,0.00%,1.50%,0.50%
009258,基金(009258),0.0115,0.60%（每年）,0.15%（每年）,0.40%（每年）,0.00%,1.50%,0.50%
008212,基金(008212),0.0115,0.60%（每年）,0.15%（每年）,0.40%（每年）,0.00%,1.50%,0.50%
006441,基金(006441),0.0115,0.75%（每年）,0.10%（每年）,0.30%（每年）,0.00%,1.50%,0.50%
011205,基金(011205),0.012,0.80%（每年）,0.20%（每年）,0.20%（每年）,0.00%,1.50%,0.50%
006328,基金(006328),0.012,0.60%（每年）,0.20%（每年）,0.40%（每年）,0.00%,1.50%,0.50%
007550,基金(007550),0.012,1.00%（每年）,0.10%（每年）,0.10%（每年）,0.00%,1.50%,0.50%
002163,基金(002163),0.012,0.70%（每年）,0.20%（每年）,0.30%（每年）,0.00%,1.50%,0.50%
016277,基金(016277),0.012,0.60%（每年）,0.10%（每年）,0.50%（每年）,0.00%,1.50%,0.00%
005187,基金(005187),0.012499999999999999,1.00%（每年）,0.10%（每年）,0.15%（每年）,0.00%,1.50%,0.50%
013489,基金(013489),0.0125,1.00%（每年）,0.15%（每年）,0.10%（每年）,0.00%,1.50%,0.50%
010154,基金(010154),0.0125,0.80%（每年）,0.15%（每年）,0.30%（每年）,0.00%,1.50%,0.50%
011607,基金(011607),0.0125,0.75%（每年）,0.20%（每年）,0.30%（每年）,0.00%,1.50%,0.10%
012081,基金(012081),0.0125,0.80%（每年）,0.15%（每年）,0.30%（每年）,0.00%,,0.50%
016071,基金(016071),0.013,0.70%（每年）,0.20%（每年）,0.40%（每年）,0.00%,1.50%,0.50%
012040,基金(012040),0.013000000000000001,1.00%（每年）,0.20%（每年）,0.10%（每年）,0.00%,1.50%,0.00%
014306,基金(014306),0.013000000000000001,0.80%（每年）,0.10%（每年）,0.40%（每年）,0.00%,1.50%,0.50%
012808,基金(012808),0.013000000000000001,1.00%（每年）,0.20%（每年）,0.10%（每年）,0.00%,1.50%,0.00%
014173,基金(014173),0.0132,1.00%（每年）,0.12%（每年）,0.20%（每年）,0.00%,1.50%,0.00%
013881,基金(013881),0.0135,0.80%（每年）,0.15%（每年）,0.40%（每年）,0.00%,1.50%,0.50%
013331,基金(013331),0.0135,1.00%（每年）,0.15%（每年）,0.20%（每年）,0.00%,1.50%,0.00%
014126,基金(014126),0.0135,0.80%（每年）,0.15%（每年）,0.40%（每年）,0.00%,1.50%,0.50%
014345,基金(014345),0.0135,0.80%（每年）,0.15%（每年）,0.40%（每年）,0.00%,1.50%,0.00%
009239,基金(009239),0.0135,0.80%（每年）,0.15%（每年）,0.40%（每年）,0.00%,1.50%,0.00%
015508,基金(015508),0.013999999999999999,1.00%（每年）,0.10%（每年）,0.30%（每年）,0.00%,1.50%,0.00%
002036,基金(002036),0.014,1.00%（每年）,0.20%（每年）,0.20%（每年）,0.00%,1.50%,0.50%
013278,基金(013278),0.014,1.00%（每年）,0.20%（每年）,0.20%（每年）,0.00%,1.50%,0.00%
014172,基金(014172),0.014,1.00%（每年）,0.20%（每年）,0.20%（每年）,0.00%,1.50%,0.00%
014985,基金(014985),0.014,1.00%（每年）,0.20%（每年）,0.20%（每年）,0.00%,1.50%,0.00%
015596,基金(015596),0.014,1.00%（每年）,0.20%（每年）,0.20%（每年）,0.00%,1.50%,0.00%
013292,基金(013292),0.014,1.00%（每年）,0.20%（每年）,0.20%（每年）,0.00%,1.50%,0.00%
013167,基金(013167),0.014000000000000002,1.20%（每年）,0.10%（每年）,0.10%（每年）,0.00%,1.50%,0.50%
007413,基金(007413),0.014499999999999999,1.00%（每年）,0.15%（每年）,0.30%（每年）,0.00%,1.50%,0.00%
011907,基金(011907),0.0145,1.00%（每年）,0.20%（每年）,0.25%（每年）,0.00%,1.50%,0.50%
008981,基金(008981),0.015,1.00%（每年）,0.20%（每年）,0.30%（每年）,0.00%,1.50%,0.75%
006888,基金(006888),0.015,1.20%（每年）,0.20%（每年）,0.10%（每年）,0.00%,1.50%,0.50%
016123,基金(016123),0.015,1.00%（每年）,0.10%（每年）,0.40%（每年）,0.00%,1.50%,0.00%
015676,基金(015676),0.015,1.00%（每年）,0.20%（每年）,0.30%（每年）,0.00%,1.50%,0.00%
002207,基金(002207),0.015,1.20%（每年）,0.20%（每年）,0.10%（每年）,0.00%,1.50%,0.50%
015673,基金(015673),0.015,1.00%（每年）,0.20%（每年）,0.30%（每年）,0.00%,1.50%,0.00%
015677,基金(015677),0.015,1.00%（每年）,0.20%（每年）,0.30%（每年）,0.00%,1.50%,0.00%
519022,基金(519022),0.015,1.20%（每年）,0.20%（每年）,0.10%（每年）,0.00%,1.50%,0.50%
012298,基金(012298),0.015,1.20%（每年）,0.20%（每年）,0.10%（每年）,0.00%,1.50%,0.50%
003858,基金(003858),0.015,1.20%（每年）,0.20%（每年）,0.10%（每年）,0.00%,1.50%,0.50%
011329,基金(011329),0.015,1.20%（每年）,0.20%（每年）,0.10%（每年）,0.00%,1.50%,0.50%
012520,基金(012520),0.015,1.20%（每年）,0.20%（每年）,0.10%（每年）,0.00%,1.50%,0.50%
002158,基金(002158),0.015000000000000001,0.90%（每年）,0.20%（每年）,0.40%（每年）,0.00%,1.50%,0.50%
005608,基金(005608),0.0152,1.00%（每年）,0.12%（每年）,0.40%（每年）,0.00%,1.50%,0.50%
014156,基金(014156),0.0155,1.00%（每年）,0.15%（每年）,0.40%（每年）,0.00%,1.50%,0.50%
015467,基金(015467),0.0155,1.00%（每年）,0.15%（每年）,0.40%（每年）,0.00%,1.50%,0.50%
015496,基金(015496),0.0155,1.00%（每年）,0.15%（每年）,0.40%（每年）,0.00%,1.50%,0.50%
015868,基金(015868),0.0155,1.00%（每年）,0.15%（每年）,0.40%（每年）,0.00%,1.50%,0.50%
007089,基金(007089),0.0155,1.00%（每年）,0.15%（每年）,0.40%（每年）,0.00%,1.50%,0.50%
014219,基金(014219),0.015500000000000002,1.20%（每年）,0.10%（每年）,0.25%（每年）,0.00%,1.50%,0.00%
006269,基金(006269),0.016,1.20%（每年）,0.20%（每年）,0.20%（每年）,0.00%,1.50%,0.50%
005795,基金(005795),0.016,1.00%（每年）,0.20%（每年）,0.40%（每年）,0.00%,1.50%,0.00%
015642,基金(015642),0.016,1.20%（每年）,0.20%（每年）,0.20%（每年）,0.00%,1.50%,0.50%
006166,基金(006166),0.016,1.00%（每年）,0.20%（每年）,0.40%（每年）,0.00%,1.50%,0.50%
006730,基金(006730),0.016,1.00%（每年）,0.20%（每年）,0.40%（每年）,0.00%,1.50%,0.50%
015054,基金(015054),0.016,0.80%（每年）,0.20%（每年）,0.60%（每年）,0.00%,1.50%,0.50%
002170,基金(002170),0.016,1.20%（每年）,0.20%（每年）,0.20%（每年）,0.00%,1.50%,0.50%
005198,基金(005198),0.016,1.20%（每年）,0.20%（每年）,0.20%（每年）,0.00%,1.50%,0.50%
004870,基金(004870),0.016,1.00%（每年）,0.20%（每年）,0.40%（每年）,0.00%,1.50%,0.50%
004875,基金(004875),0.016,1.00%（每年）,0.20%（每年）,0.40%（每年）,0.00%,1.50%,0.50%
005627,基金(005627),0.016,1.20%（每年）,0.20%（每年）,0.20%（每年）,0.00%,1.50%,0.00%
013122,基金(013122),0.016,1.00%（每年）,0.20%（每年）,0.40%（每年）,0.00%,1.50%,0.00%
012320,基金(012320),0.016,1.20%（每年）,0.10%（每年）,0.30%（每年）,0.00%,1.50%,0.50%
013084,基金(013084),0.016,1.00%（每年）,0.20%（每年）,0.40%（每年）,0.00%,1.50%,0.00%
011668,基金(011668),0.016,1.20%（每年）,0.10%（每年）,0.30%（每年）,0.00%,1.50%,0.50%
010655,基金(010655),0.016,1.00%（每年）,0.20%（每年）,0.40%（每年）,0.00%,1.50%,0.50%
013841,基金(013841),0.016,1.20%（每年）,0.20%（每年）,0.20%（每年）,0.00%,1.50%,0.50%
012322,基金(012322),0.016,1.20%（每年）,0.10%（每年）,0.30%（每年）,0.00%,1.50%,0.50%
011631,基金(011631),0.016,1.20%（每年）,0.10%（每年）,0.30%（每年）,0.00%,1.50%,0.50%
013954,基金(013954),0.016,1.00%（每年）,0.20%（每年）,0.40%（每年）,0.00%,1.50%,0.50%
014130,基金(014130),0.016,1.00%（每年）,0.20%（每年）,0.40%（每年）,0.00%,1.50%,0.00%
010158,基金(010158),0.016,1.00%（每年）,0.20%（每年）,0.40%（每年）,0.00%,1.50%,0.50%
010563,基金(010563),0.016,1.20%（每年）,0.20%（每年）,0.20%（每年）,0.00%,1.50%,0.50%
007114,基金(007114),0.016,1.20%（每年）,0.20%（每年）,0.20%（每年）,0.00%,1.50%,0.50%
007794,基金(007794),0.016,1.00%（每年）,0.20%（每年）,0.40%（每年）,0.00%,1.50%,0.00%
008920,基金(008920),0.016,1.20%（每年）,0.20%（每年）,0.20%（每年）,0.00%,1.50%,0.50%
009609,基金(009609),0.016,1.00%（每年）,0.20%（每年）,0.40%（每年）,0.00%,1.50%,0.10%
006315,基金(006315),0.016,1.20%（每年）,0.20%（每年）,0.20%（每年）,0.00%,1.50%,0.50%
010356,基金(010356),0.016,1.00%（每年）,0.20%（每年）,0.40%（每年）,0.00%,1.50%,0.00%
012222,基金(012222),0.016,1.20%（每年）,0.20%（每年）,0.20%（每年）,0.00%,1.50%,0.50%
013081,基金(013081),0.016,1.00%（每年）,0.20%（每年）,0.40%（每年）,0.00%,1.50%,0.00%
014197,基金(014197),0.016,1.00%（每年）,0.20%（每年）,0.40%（每年）,0.00%,1.50%,0.10%
013734,基金(013734),0.0165,1.20%（每年）,0.15%（每年）,0.30%（每年）,0.00%,1.50%,0.50%
015968,基金(015968),0.0165,1.20%（每年）,0.05%（每年）,0.40%（每年）,0.00%,1.50%,0.50%
006104,基金(006104),0.0165,1.20%（每年）,0.20%（每年）,0.25%（每年）,0.00%,1.50%,0.50%
006924,基金(006924),0.0165,1.20%（每年）,0.20%（每年）,0.25%（每年）,0.00%,1.50%,0.50%
015947,基金(015947),0.017,1.20%（每年）,0.20%（每年）,0.30%（每年）,0.00%,1.50%,0.50%
009982,基金(009982),0.017,1.20%（每年）,0.10%（每年）,0.40%（每年）,0.00%,1.50%,0.50%
014194,基金(014194),0.017,1.20%（每年）,0.20%（每年）,0.30%（每年）,0.00%,1.50%,0.00%
012800,基金(012800),0.017,1.20%（每年）,0.20%（每年）,0.30%（每年）,0.00%,,0.50%
015773,基金(015773),0.017,1.20%（每年）,0.20%（每年）,0.30%（每年）,0.00%,1.50%,0.50%
005633,基金(005633),0.017,1.00%（每年）,0.20%（每年）,0.50%（每年）,0.00%,1.50%,0.50%
009243,基金(009243),0.017,1.20%（每年）,0.10%（每年）,0.40%（每年）,0.00%,1.50%,0.50%
012901,基金(012901),0.017,1.20%（每年）,0.10%（每年）,0.40%（每年）,0.00%,1.50%,0.00%
008532,基金(008532),0.0175,1.20%（每年）,0.15%（每年）,0.40%（每年）,0.00%,1.50%,0.50%
015454,基金(015454),0.0175,1.00%（每年）,0.15%（每年）,0.60%（每年）,0.00%,1.50%,0.00%
004193,基金(004193),0.0175,1.20%（每年）,0.15%（每年）,0.40%（每年）,0.00%,1.50%,0.50%
004195,基金(004195),0.0175,1.20%（每年）,0.15%（每年）,0.40%（每年）,0.00%,1.50%,0.50%
007067,基金(007067),0.0175,1.20%（每年）,0.20%（每年）,0.35%（每年）,0.00%,1.50%,0.50%
016501,基金(016501),0.018000000000000002,1.20%（每年）,0.20%（每年）,0.40%（每年）,0.00%,1.50%,0.50%
016616,基金(016616),0.018000000000000002,1.20%（每年）,0.20%（每年）,0.40%（每年）,0.00%,1.50%,0.50%
001998,基金(001998),0.018000000000000002,1.00%（每年）,0.20%（每年）,0.60%（每年）,0.00%,1.50%,0.50%
016520,基金(016520),0.018000000000000002,1.20%（每年）,0.20%（每年）,0.40%（每年）,0.00%,1.50%,0.75%
012083,基金(012083),0.018000000000000002,1.20%（每年）,0.20%（每年）,0.40%（每年）,0.00%,1.50%,0.50%
005287,基金(005287),0.018000000000000002,1.20%（每年）,0.20%（每年）,0.40%（每年）,0.00%,1.50%,0.50%
016069,基金(016069),0.018000000000000002,1.20%（每年）,0.20%（每年）,0.40%（每年）,0.00%,1.50%,0.50%
016234,基金(016234),0.018000000000000002,1.20%（每年）,0.20%（每年）,0.40%（每年）,0.00%,1.50%,0.50%
012034,基金(012034),0.018000000000000002,1.20%（每年）,0.20%（每年）,0.40%（每年）,0.00%,1.50%,0.50%
016238,基金(016238),0.018000000000000002,1.20%（每年）,0.20%（每年）,0.40%（每年）,0.00%,1.50%,0.50%
005885,基金(005885),0.018000000000000002,1.20%（每年）,0.20%（每年）,0.40%（每年）,0.00%,1.50%,0.50%
015751,基金(015751),0.018000000000000002,1.20%（每年）,0.20%（每年）,0.40%（每年）,0.00%,1.50%,0.50%
015756,基金(015756),0.018000000000000002,1.20%（每年）,0.20%（每年）,0.40%（每年）,0.00%,1.50%,0.50%
015770,基金(015770),0.018000000000000002,1.20%（每年）,0.20%（每年）,0.40%（每年）,0.00%,1.50%,0.50%
015850,基金(015850),0.018000000000000002,1.20%（每年）,0.20%（每年）,0.40%（每年）,0.00%,1.50%,1.00%
012343,基金(012343),0.018000000000000002,1.20%（每年）,0.20%（每年）,0.40%（每年）,0.00%,1.50%,0.50%
012492,基金(012492),0.018000000000000002,1.20%（每年）,0.20%（每年）,0.40%（每年）,0.00%,1.50%,0.50%
011978,基金(011978),0.018000000000000002,1.20%（每年）,0.20%（每年）,0.40%（每年）,0.00%,1.50%,0.50%
013410,基金(013410),0.018000000000000002,1.20%（每年）,0.20%（每年）,0.40%（每年）,0.00%,1.50%,0.50%
013392,基金(013392),0.018000000000000002,1.20%（每年）,0.20%（每年）,0.40%（每年）,0.00%,1.50%,0.50%
013637,基金(013637),0.018000000000000002,1.20%（每年）,0.20%（每年）,0.40%（每年）,0.00%,1.50%,0.50%
011137,基金(011137),0.018000000000000002,1.20%（每年）,0.20%（每年）,0.40%（每年）,0.00%,1.50%,0.50%
012125,基金(012125),0.018000000000000002,1.20%（每年）,0.10%（每年）,0.50%（每年）,0.00%,1.50%,0.50%
012131,基金(012131),0.018000000000000002,1.20%（每年）,0.20%（每年）,0.40%（每年）,0.00%,1.50%,0.50%
011823,基金(011823),0.018000000000000002,1.20%（每年）,0.20%（每年）,0.40%（每年）,0.00%,,0.50%
011707,基金(011707),0.018000000000000002,1.20%（每年）,0.20%（每年）,0.40%（每年）,0.00%,1.50%,0.50%
012228,基金(012228),0.018000000000000002,1.20%（每年）,0.20%（每年）,0.40%（每年）,0.00%,1.50%,0.50%
012181,基金(012181),0.018000000000000002,1.20%（每年）,0.20%（每年）,0.40%（每年）,0.00%,1.50%,0.75%
011892,基金(011892),0.018000000000000002,1.20%（每年）,0.20%（每年）,0.40%（每年）,0.00%,,0.50%
011889,基金(011889),0.018000000000000002,1.20%（每年）,0.20%（每年）,0.40%（每年）,0.00%,1.50%,0.50%
011833,基金(011833),0.018000000000000002,1.20%（每年）,0.20%（每年）,0.40%（每年）,0.00%,1.50%,0.00%
015683,基金(015683),0.018000000000000002,1.20%（每年）,0.20%（每年）,0.40%（每年）,0.00%,1.50%,0.50%
006616,基金(006616),0.018000000000000002,1.20%（每年）,0.20%（每年）,0.40%（每年）,0.00%,1.50%,0.50%
013681,基金(013681),0.018000000000000002,1.20%（每年）,0.20%（每年）,0.40%（每年）,0.00%,1.50%,0.50%
015491,基金(015491),0.018000000000000002,1.20%（每年）,0.20%（每年）,0.40%（每年）,0.00%,1.50%,0.50%
015576,基金(015576),0.018000000000000002,1.20%（每年）,0.20%（每年）,0.40%（每年）,0.00%,,0.50%
015321,基金(015321),0.018000000000000002,1.20%（每年）,0.20%（每年）,0.40%（每年）,0.00%,1.50%,0.50%
015461,基金(015461),0.018000000000000002,1.20%（每年）,0.20%（每年）,0.40%（每年）,0.00%,1.50%,0.50%
010962,基金(010962),0.018000000000000002,1.20%（每年）,0.20%（每年）,0.40%（每年）,0.00%,1.50%,0.75%
010236,基金(010236),0.018000000000000002,1.20%（每年）,0.20%（每年）,0.40%（每年）,0.00%,1.50%,0.50%
014839,基金(014839),0.018000000000000002,1.20%（每年）,0.20%（每年）,0.40%（每年）,0.00%,1.50%,0.50%
014871,基金(014871),0.018000000000000002,1.20%（每年）,0.20%（每年）,0.40%（每年）,0.00%,1.50%,0.50%
009995,基金(009995),0.018000000000000002,1.20%（每年）,0.20%（每年）,0.40%（每年）,0.00%,1.50%,0.50%
010505,基金(010505),0.018000000000000002,1.20%（每年）,0.20%（每年）,0.40%（每年）,0.00%,1.50%,0.50%
010453,基金(010453),0.018000000000000002,1.20%（每年）,0.20%（每年）,0.40%（每年）,0.00%,1.50%,0.50%
010004,基金(010004),0.018000000000000002,1.20%（每年）,0.20%（每年）,0.40%（每年）,0.00%,1.50%,0.50%
008348,基金(008348),0.018000000000000002,1.20%（每年）,0.20%（每年）,0.40%（每年）,0.00%,1.50%,0.50%
010026,基金(010026),0.018000000000000002,1.20%（每年）,0.20%（每年）,0.40%（每年）,0.00%,1.50%,0.50%
010024,基金(010024),0.018000000000000002,1.20%（每年）,0.20%（每年）,0.40%（每年）,0.00%,1.50%,0.50%
011147,基金(011147),0.018000000000000002,1.20%（每年）,0.20%（每年）,0.40%（每年）,0.00%,1.50%,0.50%
007469,基金(007469),0.018000000000000002,1.20%（每年）,0.20%（每年）,0.40%（每年）,0.00%,1.50%,0.50%
011301,基金(011301),0.018000000000000002,1.20%（每年）,0.20%（每年）,0.40%（每年）,0.00%,,0.50%
013772,基金(013772),0.018000000000000002,1.20%（每年）,0.20%（每年）,0.40%（每年）,0.00%,1.50%,0.50%
007499,基金(007499),0.018000000000000002,1.20%（每年）,0.20%（每年）,0.40%（每年）,0.00%,1.50%,0.50%
007732,基金(007732),0.018000000000000002,1.20%（每年）,0.20%（每年）,0.40%（每年）,0.00%,1.50%,0.50%
011470,基金(011470),0.018000000000000002,1.20%（每年）,0.20%（每年）,0.40%（每年）,0.00%,1.50%,0.50%
011068,基金(011068),0.018000000000000002,1.20%（每年）,0.20%（每年）,0.40%（每年）,0.00%,1.50%,0.50%
011412,基金(011412),0.018000000000000002,1.20%（每年）,0.20%（每年）,0.40%（每年）,0.00%,,0.50%
011452,基金(011452),0.018000000000000002,1.20%（每年）,0.20%（每年）,0.40%（每年）,0.00%,1.50%,0.50%
015044,基金(015044),0.018000000000000002,1.20%（每年）,0.20%（每年）,0.40%（每年）,0.00%,1.50%,0.50%
015152,基金(015152),0.018000000000000002,1.20%（每年）,0.20%（每年）,0.40%（每年）,0.00%,1.50%,0.50%
015159,基金(015159),0.018000000000000002,1.20%（每年）,0.20%（每年）,0.40%（每年）,0.00%,1.50%,0.50%
015205,基金(015205),0.018000000000000002,1.20%（每年）,0.20%（每年）,0.40%（每年）,0.00%,1.50%,0.50%
015271,基金(015271),0.018000000000000002,1.20%（每年）,0.20%（每年）,0.40%（每年）,0.00%,1.50%,0.50%
010372,基金(010372),0.018000000000000002,1.20%（每年）,0.20%（每年）,0.40%（每年）,0.00%,1.50%,0.50%
010392,基金(010392),0.018000000000000002,1.20%（每年）,0.20%（每年）,0.40%（每年）,0.00%,,0.50%
010842,基金(010842),0.018000000000000002,1.20%（每年）,0.20%（每年）,0.40%（每年）,0.00%,1.50%,0.50%
010812,基金(010812),0.018000000000000002,1.20%（每年）,0.20%（每年）,0.40%（每年）,0.00%,1.50%,0.75%
011171,基金(011171),0.018000000000000002,1.20%（每年）,0.20%（每年）,0.40%（每年）,0.00%,1.50%,0.50%
009856,基金(009856),0.018000000000000002,1.20%（每年）,0.20%（每年）,0.40%（每年）,0.00%,1.50%,0.50%
008989,基金(008989),0.018000000000000002,1.20%（每年）,0.20%（每年）,0.40%（每年）,0.00%,1.50%,0.50%
009056,基金(009056),0.018000000000000002,1.20%（每年）,0.20%（每年）,0.40%（每年）,0.00%,1.50%,0.50%
003070,基金(003070),0.018000000000000002,1.20%（每年）,0.20%（每年）,0.40%（每年）,0.00%,1.50%,0.50%
013142,基金(013142),0.018000000000000002,1.20%（每年）,0.20%（每年）,0.40%（每年）,0.00%,1.50%,0.50%
013153,基金(013153),0.018000000000000002,1.20%（每年）,0.20%（每年）,0.40%（每年）,0.00%,1.50%,0.50%
012697,基金(012697),0.018000000000000002,1.20%（每年）,0.20%（每年）,0.40%（每年）,0.00%,1.50%,0.50%
012707,基金(012707),0.018000000000000002,1.20%（每年）,0.20%（每年）,0.40%（每年）,0.00%,1.50%,0.75%
012922,基金(012922),0.018000000000000002,1.20%（每年）,0.20%（每年）,0.40%（每年）,0.00%,,0.50%
008892,基金(008892),0.018000000000000002,1.20%（每年）,0.20%（每年）,0.40%（每年）,0.00%,1.50%,0.50%
009708,基金(009708),0.018000000000000002,1.20%（每年）,0.20%（每年）,0.40%（每年）,0.00%,1.50%,0.50%
014581,基金(014581),0.018000000000000002,1.20%（每年）,0.20%（每年）,0.40%（每年）,0.00%,1.50%,0.50%
014550,基金(014550),0.018000000000000002,1.20%（每年）,0.20%（每年）,0.40%（每年）,0.00%,1.50%,0.50%
014536,基金(014536),0.018000000000000002,1.20%（每年）,0.20%（每年）,0.40%（每年）,0.00%,1.50%,0.50%
014509,基金(014509),0.018000000000000002,1.20%（每年）,0.20%（每年）,0.40%（每年）,0.00%,1.50%,0.50%
014419,基金(014419),0.018000000000000002,1.20%（每年）,0.20%（每年）,0.40%（每年）,0.00%,1.50%,0.00%
014340,基金(014340),0.018000000000000002,1.20%（每年）,0.20%（每年）,0.40%（每年）,0.00%,1.50%,0.50%
009170,基金(009170),0.018000000000000002,1.20%（每年）,0.20%（每年）,0.40%（每年）,0.00%,1.50%,0.50%
009328,基金(009328),0.018000000000000002,1.00%（每年）,0.20%（每年）,0.60%（每年）,0.00%,1.50%,0.50%
014320,基金(014320),0.018000000000000002,1.20%（每年）,0.20%（每年）,0.40%（每年）,0.00%,1.50%,0.50%
014225,基金(014225),0.018000000000000002,1.20%（每年）,0.20%（每年）,0.40%（每年）,0.00%,1.50%,0.50%
010162,基金(010162),0.018000000000000002,1.20%（每年）,0.20%（每年）,0.40%（每年）,0.00%,1.50%,0.50%
014377,基金(014377),0.018000000000000002,1.20%（每年）,0.20%（每年）,0.40%（每年）,0.00%,1.50%,0.50%
008254,基金(008254),0.018000000000000002,1.20%（每年）,0.20%（每年）,0.40%（每年）,0.00%,1.50%,0.50%
011400,基金(011400),0.0185,1.20%（每年）,0.15%（每年）,0.50%（每年）,0.00%,1.50%,0.50%
011604,基金(011604),0.0185,1.20%（每年）,0.15%（每年）,0.50%（每年）,0.00%,1.50%,0.50%
011230,基金(011230),0.019,1.20%（每年）,0.20%（每年）,0.50%（每年）,0.00%,1.50%,0.50%
015170,基金(015170),0.019,1.20%（每年）,0.20%（每年）,0.50%（每年）,0.00%,1.50%,0.50%
011237,基金(011237),0.019,1.20%（每年）,0.20%（每年）,0.50%（每年）,0.00%,1.50%,0.50%
014127,基金(014127),0.019,1.20%（每年）,0.20%（每年）,0.50%（每年）,0.00%,1.50%,0.50%
013896,基金(013896),0.019,1.20%（每年）,0.20%（每年）,0.50%（每年）,0.00%,1.50%,0.50%
006649,基金(006649),0.019,1.20%（每年）,0.20%（每年）,0.50%（每年）,0.00%,1.50%,0.50%
006905,基金(006905),0.019,1.20%（每年）,0.20%（每年）,0.50%（每年）,0.00%,1.50%,0.50%
007127,基金(007127),0.019,1.20%（每年）,0.20%（每年）,0.50%（每年）,0.00%,1.50%,0.50%
008187,基金(008187),0.019,1.20%（每年）,0.20%（每年）,0.50%（每年）,0.00%,1.50%,0.50%
013466,基金(013466),0.019,1.20%（每年）,0.20%（每年）,0.50%（每年）,0.00%,1.50%,0.50%
013553,基金(013553),0.019,1.20%（每年）,0.20%（每年）,0.50%（每年）,0.00%,1.50%,0.50%
011378,基金(011378),0.019,1.20%（每年）,0.20%（每年）,0.50%（每年）,0.00%,1.50%,0.50%
005661,基金(005661),0.019,1.20%（每年）,0.20%（每年）,0.50%（每年）,0.00%,1.50%,0.50%
015390,基金(015390),0.019,1.20%（每年）,0.20%（每年）,0.50%（每年）,0.00%,1.50%,0.50%
015389,基金(015389),0.019,1.20%（每年）,0.20%（每年）,0.50%（每年）,0.00%,1.50%,0.50%
015382,基金(015382),0.019,1.20%（每年）,0.20%（每年）,0.50%（每年）,0.00%,1.50%,0.50%
013642,基金(013642),0.019,1.20%（每年）,0.20%（每年）,0.50%（每年）,0.00%,1.50%,0.50%
005245,基金(005245),0.019,1.20%（每年）,0.20%（每年）,0.50%（每年）,0.00%,1.50%,0.50%
005300,基金(005300),0.019,1.20%（每年）,0.20%（每年）,0.50%（每年）,0.00%,1.50%,0.50%
015971,基金(015971),0.019,1.20%（每年）,0.20%（每年）,0.50%（每年）,0.00%,1.50%,0.50%
016175,基金(016175),0.019,1.20%（每年）,0.20%（每年）,0.50%（每年）,0.00%,1.50%,0.50%
012074,基金(012074),0.019,1.20%（每年）,0.20%（每年）,0.50%（每年）,0.00%,1.50%,0.50%
000850,基金(000850),0.019,1.20%（每年）,0.20%（每年）,0.50%（每年）,0.00%,1.50%,0.50%
016600,基金(016600),0.019,1.20%（每年）,0.20%（每年）,0.50%（每年）,0.00%,1.50%,0.50%
016579,基金(016579),0.019,1.20%（每年）,0.20%（每年）,0.50%（每年）,0.00%,1.50%,0.50%
015750,基金(015750),0.019,1.20%（每年）,0.20%（每年）,0.50%（每年）,0.00%,1.50%,0.50%
013514,基金(013514),0.019,1.20%（每年）,0.20%（每年）,0.50%（每年）,0.00%,1.50%,0.50%
005494,基金(005494),0.019,1.20%（每年）,0.20%（每年）,0.50%（每年）,0.00%,1.50%,0.50%
004435,基金(004435),0.019,1.20%（每年）,0.20%（每年）,0.50%（每年）,0.00%,1.50%,0.50%
015374,基金(015374),0.019,1.20%（每年）,0.20%（每年）,0.50%（每年）,0.00%,1.50%,0.50%
013340,基金(013340),0.019,1.20%（每年）,0.20%（每年）,0.50%（每年）,0.00%,1.50%,0.50%
012628,基金(012628),0.019,1.20%（每年）,0.20%（每年）,0.50%（每年）,0.00%,1.50%,0.50%
012455,基金(012455),0.019,1.20%（每年）,0.20%（每年）,0.50%（每年）,0.00%,1.50%,0.50%
008319,基金(008319),0.019,1.20%（每年）,0.20%（每年）,0.50%（每年）,0.00%,1.50%,0.50%
008963,基金(008963),0.019,1.20%（每年）,0.20%（每年）,0.50%（每年）,0.00%,1.50%,0.75%
009883,基金(009883),0.019,1.20%（每年）,0.20%（每年）,0.50%（每年）,0.00%,1.50%,0.50%
010416,基金(010416),0.019,1.20%（每年）,0.20%（每年）,0.50%（每年）,0.00%,1.50%,0.50%
010125,基金(010125),0.019,1.20%（每年）,0.20%（每年）,0.50%（每年）,0.00%,1.50%,0.50%
008423,基金(008423),0.019,1.20%（每年）,0.20%（每年）,0.50%（每年）,0.00%,1.50%,0.50%
010034,基金(010034),0.019,1.20%（每年）,0.20%（每年）,0.50%（每年）,0.00%,1.50%,0.50%
010422,基金(010422),0.019,1.20%（每年）,0.20%（每年）,0.50%（每年）,0.00%,1.50%,0.50%
014737,基金(014737),0.019,1.20%（每年）,0.20%（每年）,0.50%（每年）,0.00%,1.50%,0.50%
010349,基金(010349),0.019,1.20%（每年）,0.20%（每年）,0.50%（每年）,0.00%,1.50%,0.50%
010384,基金(010384),0.019,1.20%（每年）,0.20%（每年）,0.50%（每年）,0.00%,1.50%,0.50%
011197,基金(011197),0.019,1.20%（每年）,0.20%（每年）,0.50%（每年）,0.00%,1.50%,0.50%
010238,基金(010238),0.019,1.20%（每年）,0.20%（每年）,0.50%（每年）,0.00%,1.50%,0.50%
014755,基金(014755),0.019,1.20%（每年）,0.20%（每年）,0.50%（每年）,0.00%,1.50%,0.50%
010214,基金(010214),0.019,1.20%（每年）,0.20%（每年）,0.50%（每年）,0.00%,1.50%,0.50%
014728,基金(014728),0.019,1.20%（每年）,0.20%（每年）,0.50%（每年）,0.00%,,0.50%
011477,基金(011477),0.019,1.20%（每年）,0.20%（每年）,0.50%（每年）,0.00%,1.50%,0.50%
011487,基金(011487),0.019,1.20%（每年）,0.20%（每年）,0.50%（每年）,0.00%,1.50%,0.50%
006234,基金(006234),0.019,1.20%（每年）,0.20%（每年）,0.50%（每年）,0.00%,1.50%,0.50%
015105,基金(015105),0.019,1.20%（每年）,0.20%（每年）,0.50%（每年）,0.00%,1.50%,0.50%
015144,基金(015144),0.019,1.20%（每年）,0.20%（每年）,0.50%（每年）,0.00%,1.50%,0.50%
007183,基金(007183),0.019,1.20%（每年）,0.20%（每年）,0.50%（每年）,0.00%,1.50%,0.50%
010647,基金(010647),0.019,1.20%（每年）,0.20%（每年）,0.50%（每年）,0.00%,1.50%,0.50%
007501,基金(007501),0.019,1.20%（每年）,0.20%（每年）,0.50%（每年）,0.00%,1.50%,0.75%
014642,基金(014642),0.019,1.20%（每年）,0.20%（每年）,0.50%（每年）,0.00%,1.50%,0.50%
014417,基金(014417),0.019,1.20%（每年）,0.20%（每年）,0.50%（每年）,0.00%,1.50%,0.50%
014233,基金(014233),0.019,1.20%（每年）,0.20%（每年）,0.50%（每年）,0.00%,1.50%,0.50%
009597,基金(009597),0.019,1.20%（每年）,0.20%（每年）,0.50%（每年）,0.00%,1.50%,0.50%
009492,基金(009492),0.019,1.20%（每年）,0.20%（每年）,0.50%（每年）,0.00%,1.50%,0.50%
009538,基金(009538),0.019,1.20%（每年）,0.20%（每年）,0.50%（每年）,0.00%,1.50%,0.50%
009218,基金(009218),0.019,1.20%（每年）,0.20%（每年）,0.50%（每年）,0.00%,1.50%,0.50%
014328,基金(014328),0.019,1.20%（每年）,0.20%（每年）,0.50%（每年）,0.00%,1.50%,0.50%
013116,基金(013116),0.019,1.20%（每年）,0.20%（每年）,0.50%（每年）,0.00%,1.50%,0.50%
016346,基金(016346),0.019,1.20%（每年）,0.20%（每年）,0.50%（每年）,0.00%,1.50%,0.50%
009127,基金(009127),0.019,1.20%（每年）,0.20%（每年）,0.50%（每年）,0.00%,1.50%,0.50%
014964,基金(014964),0.019,1.20%（每年）,0.20%（每年）,0.50%（每年）,0.00%,1.50%,0.50%
014507,基金(014507),0.019,1.20%（每年）,0.20%（每年）,0.50%（每年）,0.00%,1.50%,0.50%
014601,基金(014601),0.019,1.20%（每年）,0.20%（每年）,0.50%（每年）,0.00%,1.50%,0.50%
002333,基金(002333),0.019,1.20%（每年）,0.20%（每年）,0.50%（每年）,0.00%,1.50%,0.50%
003625,基金(003625),0.019,1.20%（每年）,0.20%（每年）,0.50%（每年）,0.00%,1.50%,0.50%
013010,基金(013010),0.019,1.20%（每年）,0.20%（每年）,0.50%（每年）,0.00%,1.50%,0.50%
012793,基金(012793),0.019,1.20%（每年）,0.20%（每年）,0.50%（每年）,0.00%,1.50%,0.50%
013050,基金(013050),0.019,1.20%（每年）,0.20%（每年）,0.50%（每年）,0.00%,1.50%,0.50%
013096,基金(013096),0.019,1.20%（每年）,0.20%（每年）,0.50%（每年）,0.00%,1.50%,0.50%
008419,基金(008419),0.019000000000000003,1.20%（每年）,0.10%（每年）,0.60%（每年）,0.00%,1.50%,0.50%
005961,基金(005961),0.019000000000000003,0.90%（每年）,0.20%（每年）,0.80%（每年）,0.00%,1.50%,0.50%
012780,基金(012780),0.02,1.20%（每年）,0.20%（每年）,0.60%（每年）,0.00%,1.50%,0.50%
013108,基金(013108),0.02,1.20%（每年）,0.20%（每年）,0.60%（每年）,0.00%,1.50%,0.50%
014473,基金(014473),0.02,1.20%（每年）,0.20%（每年）,0.60%（每年）,0.00%,1.50%,0.50%
014542,基金(014542),0.02,1.20%（每年）,0.20%（每年）,0.60%（每年）,0.00%,1.50%,0.50%
008265,基金(008265),0.02,1.20%（每年）,0.20%（每年）,0.60%（每年）,0.00%,1.50%,0.50%
014549,基金(014549),0.02,1.20%（每年）,0.20%（每年）,0.60%（每年）,0.00%,1.50%,0.50%
016263,基金(016263),0.02,1.20%（每年）,0.20%（每年）,0.60%（每年）,0.00%,1.50%,0.50%
016257,基金(016257),0.02,1.20%（每年）,0.20%（每年）,0.60%（每年）,0.00%,1.50%,0.50%
014353,基金(014353),0.02,1.20%（每年）,0.20%（每年）,0.60%（每年）,0.00%,1.50%,0.50%
014970,基金(014970),0.02,1.20%（每年）,0.20%（每年）,0.60%（每年）,0.00%,1.50%,0.50%
014830,基金(014830),0.02,1.20%（每年）,0.20%（每年）,0.60%（每年）,0.00%,1.50%,0.50%
010063,基金(010063),0.02,1.20%（每年）,0.20%（每年）,0.60%（每年）,0.00%,,
015031,基金(015031),0.02,1.20%（每年）,0.20%（每年）,0.60%（每年）,0.00%,1.50%,0.50%
014037,基金(014037),0.02,1.20%（每年）,0.20%（每年）,0.60%（每年）,0.00%,1.50%,0.50%
014143,基金(014143),0.02,1.20%（每年）,0.20%（每年）,0.60%（每年）,0.00%,1.50%,0.50%
014113,基金(014113),0.02,1.20%（每年）,0.20%（每年）,0.60%（每年）,0.00%,1.50%,0.50%
010138,基金(010138),0.02,1.20%（每年）,0.20%（每年）,0.60%（每年）,0.00%,1.50%,0.50%
013856,基金(013856),0.02,1.20%（每年）,0.20%（每年）,0.60%（每年）,0.00%,1.50%,0.50%
007734,基金(007734),0.02,1.20%（每年）,0.20%（每年）,0.60%（每年）,0.00%,1.50%,0.50%
007950,基金(007950),0.02,1.20%（每年）,0.20%（每年）,0.60%（每年）,0.00%,1.50%,0.50%
014972,基金(014972),0.02,1.20%（每年）,0.20%（每年）,0.60%（每年）,0.00%,1.50%,0.50%
014914,基金(014914),0.02,1.20%（每年）,0.20%（每年）,0.60%（每年）,0.00%,1.50%,0.50%
014930,基金(014930),0.02,1.20%（每年）,0.20%（每年）,0.60%（每年）,0.00%,1.50%,0.50%
014954,基金(014954),0.02,1.20%（每年）,0.20%（每年）,0.60%（每年）,0.00%,1.50%,0.50%
015039,基金(015039),0.02,1.20%（每年）,0.20%（每年）,0.60%（每年）,0.00%,1.50%,0.50%
014667,基金(014667),0.02,1.20%（每年）,0.20%（每年）,0.60%（每年）,0.00%,1.50%,0.50%
014282,基金(014282),0.02,1.20%（每年）,0.20%（每年）,0.60%（每年）,0.00%,1.50%,0.50%
014243,基金(014243),0.02,1.20%（每年）,0.20%（每年）,0.60%（每年）,0.00%,1.50%,0.75%
014335,基金(014335),0.02,1.20%（每年）,0.20%（每年）,0.60%（每年）,0.00%,1.50%,0.50%
013418,基金(013418),0.02,1.20%（每年）,0.20%（每年）,0.60%（每年）,0.00%,1.50%,0.50%
015709,基金(015709),0.02,1.20%（每年）,0.20%（每年）,0.60%（每年）,0.00%,1.50%,0.50%
015715,基金(015715),0.02,1.20%（每年）,0.20%（每年）,0.60%（每年）,0.00%,1.50%,0.50%
011402,基金(011402),0.02,1.20%（每年）,0.20%（每年）,0.60%（每年）,0.00%,1.50%,0.50%
012154,基金(012154),0.02,1.20%（每年）,0.20%（每年）,0.60%（每年）,0.00%,1.50%,0.50%
015582,基金(015582),0.02,1.20%（每年）,0.20%（每年）,0.60%（每年）,0.00%,1.50%,0.50%
015686,基金(015686),0.02,1.20%（每年）,0.20%（每年）,0.60%（每年）,0.00%,1.50%,0.50%
015637,基金(015637),0.02,1.20%（每年）,0.20%（每年）,0.60%（每年）,0.00%,1.50%,0.50%
015608,基金(015608),0.02,1.20%（每年）,0.20%（每年）,0.60%（每年）,0.00%,1.50%,0.50%
015593,基金(015593),0.02,1.20%（每年）,0.20%（每年）,0.60%（每年）,0.00%,1.50%,0.50%
015585,基金(015585),0.02,1.20%（每年）,0.20%（每年）,0.60%（每年）,0.00%,1.50%,0.50%
015690,基金(015690),0.02,1.20%（每年）,0.20%（每年）,0.60%（每年）,0.00%,1.50%,0.50%
015689,基金(015689),0.02,1.20%（每年）,0.20%（每年）,0.60%（每年）,0.00%,1.50%,0.50%
015692,基金(015692),0.02,1.20%（每年）,0.20%（每年）,0.60%（每年）,0.00%,1.50%,0.50%
005905,基金(005905),0.02,1.20%（每年）,0.20%（每年）,0.60%（每年）,0.00%,1.50%,0.50%
013366,基金(013366),0.02,1.20%（每年）,0.20%（每年）,0.60%（每年）,0.00%,1.50%,0.50%
011306,基金(011306),0.02,1.20%（每年）,0.20%（每年）,0.60%（每年）,0.00%,1.50%,0.50%
015358,基金(015358),0.02,1.20%（每年）,0.20%（每年）,0.60%（每年）,0.00%,1.50%,0.50%
015561,基金(015561),0.02,1.20%（每年）,0.20%（每年）,0.60%（每年）,0.00%,,0.50%
011145,基金(011145),0.02,1.20%（每年）,0.20%（每年）,0.60%（每年）,0.00%,1.50%,0.50%
013613,基金(013613),0.02,1.20%（每年）,0.20%（每年）,0.60%（每年）,0.00%,1.50%,0.50%
013621,基金(013621),0.02,1.20%（每年）,0.20%（每年）,0.60%（每年）,0.00%,1.50%,0.50%
013620,基金(013620),0.02,1.20%（每年）,0.20%（每年）,0.60%（每年）,0.00%,1.50%,0.50%
013622,基金(013622),0.02,1.20%（每年）,0.20%（每年）,0.60%（每年）,0.00%,1.50%,0.50%
011370,基金(011370),0.02,1.20%（每年）,0.20%（每年）,0.60%（每年）,0.00%,1.50%,0.50%
011350,基金(011350),0.02,1.20%（每年）,0.20%（每年）,0.60%（每年）,0.00%,1.50%,0.50%
015075,基金(015075),0.02,1.20%（每年）,0.20%（每年）,0.60%（每年）,0.00%,1.50%,0.50%
011120,基金(011120),0.02,1.20%（每年）,0.20%（每年）,0.60%（每年）,0.00%,1.50%,0.50%
011126,基金(011126),0.02,1.20%（每年）,0.20%（每年）,0.60%（每年）,0.00%,1.50%,0.50%
015198,基金(015198),0.02,1.20%（每年）,0.20%（每年）,0.60%（每年）,0.00%,1.50%,0.50%
011117,基金(011117),0.02,1.20%（每年）,0.20%（每年）,0.60%（每年）,0.00%,1.50%,0.50%
011499,基金(011499),0.02,1.20%（每年）,0.20%（每年）,0.60%（每年）,0.00%,1.50%,0.50%
011584,基金(011584),0.02,1.20%（每年）,0.20%（每年）,0.60%（每年）,0.00%,1.50%,0.50%
014975,基金(014975),0.02,1.20%（每年）,0.20%（每年）,0.60%（每年）,0.00%,1.50%,0.50%
007450,基金(007450),0.02,1.20%（每年）,0.20%（每年）,0.60%（每年）,0.00%,1.50%,0.50%
013533,基金(013533),0.02,1.20%（每年）,0.20%（每年）,0.60%（每年）,0.00%,1.50%,0.50%
012589,基金(012589),0.02,1.20%（每年）,0.20%（每年）,0.60%（每年）,0.00%,1.50%,0.50%
005491,基金(005491),0.02,1.20%（每年）,0.20%（每年）,0.60%（每年）,0.00%,1.50%,0.50%
013396,基金(013396),0.02,1.20%（每年）,0.20%（每年）,0.60%（每年）,0.00%,1.50%,0.50%
016292,基金(016292),0.02,1.20%（每年）,0.20%（每年）,0.60%（每年）,0.00%,1.50%,0.50%
016198,基金(016198),0.02,1.20%（每年）,0.20%（每年）,0.60%（每年）,0.00%,1.50%,0.50%
016099,基金(016099),0.02,1.20%（每年）,0.20%（每年）,0.60%（每年）,0.00%,1.50%,0.50%
016556,基金(016556),0.02,1.20%（每年）,0.20%（每年）,0.60%（每年）,0.00%,1.50%,0.50%
016068,基金(016068),0.02,1.20%（每年）,0.20%（每年）,0.60%（每年）,0.00%,1.50%,0.50%
016465,基金(016465),0.02,1.20%（每年）,0.20%（每年）,0.60%（每年）,0.00%,1.50%,0.50%
016463,基金(016463),0.02,1.20%（每年）,0.20%（每年）,0.60%（每年）,0.00%,1.50%,0.50%
016461,基金(016461),0.02,1.20%（每年）,0.20%（每年）,0.60%（每年）,0.00%,1.50%,0.50%
016371,基金(016371),0.02,1.20%（每年）,0.20%（每年）,0.60%（每年）,0.00%,1.50%,0.50%
016283,基金(016283),0.02,1.20%（每年）,0.20%（每年）,0.60%（每年）,0.00%,1.50%,0.50%
016291,基金(016291),0.02,1.20%（每年）,0.20%（每年）,0.60%（每年）,0.00%,1.50%,0.50%
016289,基金(016289),0.02,1.20%（每年）,0.20%（每年）,0.60%（每年）,0.00%,1.50%,0.50%
016780,基金(016780),0.02,1.20%（每年）,0.20%（每年）,0.60%（每年）,0.00%,1.50%,0.50%
012651,基金(012651),0.02,1.20%（每年）,0.20%（每年）,0.60%（每年）,0.00%,1.50%,0.50%
016400,基金(016400),0.02,1.20%（每年）,0.20%（每年）,0.60%（每年）,0.00%,1.50%,0.50%
016518,基金(016518),0.02,1.20%（每年）,0.20%（每年）,0.60%（每年）,0.00%,1.50%,0.50%
016049,基金(016049),0.02,1.20%（每年）,0.20%（每年）,0.60%（每年）,0.00%,1.50%,0.50%
015937,基金(015937),0.02,1.20%（每年）,0.20%（每年）,0.60%（每年）,0.00%,1.50%,0.50%
015903,基金(015903),0.02,1.20%（每年）,0.20%（每年）,0.60%（每年）,0.00%,1.50%,0.50%
015849,基金(015849),0.02,1.20%（每年）,0.20%（每年）,0.60%（每年）,0.00%,1.50%,0.50%
016050,基金(016050),0.02,1.20%（每年）,0.20%（每年）,0.60%（每年）,0.00%,1.50%,0.50%
016052,基金(016052),0.02,1.20%（每年）,0.20%（每年）,0.60%（每年）,0.00%,1.50%,0.50%
016051,基金(016051),0.02,1.20%（每年）,0.20%（每年）,0.60%（每年）,0.00%,1.50%,0.50%
012429,基金(012429),0.020999999999999998,1.20%（每年）,0.20%（每年）,0.70%（每年）,0.00%,1.50%,0.50%
010681,基金(010681),0.020999999999999998,1.20%（每年）,0.20%（每年）,0.70%（每年）,0.00%,1.50%,0.50%
011937,基金(011937),0.020999999999999998,1.20%（每年）,0.20%（每年）,0.70%（每年）,0.00%,1.50%,0.50%
012964,基金(012964),0.020999999999999998,1.20%（每年）,0.20%（每年）,0.70%（每年）,0.00%,1.50%,0.50%
015097,基金(015097),0.021,1.20%（每年）,0.10%（每年）,0.80%（每年）,0.00%,1.50%,0.50%
016312,基金(016312),0.022,1.20%（每年）,0.20%（每年）,0.80%（每年）,0.00%,1.50%,0.50%
012716,基金(012716),0.022,1.20%（每年）,0.20%（每年）,0.80%（每年）,0.00%,1.50%,0.50%
010827,基金(010827),0.022,1.20%（每年）,0.20%（每年）,0.80%（每年）,0.00%,1.50%,0.50%
010791,基金(010791),0.022,1.20%（每年）,0.20%（每年）,0.80%（每年）,0.00%,1.50%,0.50%
010853,基金(010853),0.022,1.20%（每年）,0.20%（每年）,0.80%（每年）,0.00%,1.50%,0.50%
010865,基金(010865),0.022,1.20%（每年）,0.20%（每年）,0.80%（每年）,0.00%,1.50%,0.50%
010246,基金(010246),0.022,1.20%（每年）,0.20%（每年）,0.80%（每年）,0.00%,1.50%,0.50%
010304,基金(010304),0.022,1.20%（每年）,0.20%（每年）,0.80%（每年）,0.00%,1.50%,0.50%
007356,基金(007356),0.022,1.20%（每年）,0.20%（每年）,0.80%（每年）,0.00%,1.50%,0.50%
014136,基金(014136),0.022,1.20%（每年）,0.20%（每年）,0.80%（每年）,0.00%,1.50%,0.50%
008656,基金(008656),0.022,1.20%（每年）,0.20%（每年）,0.80%（每年）,0.00%,1.50%,0.50%
014162,基金(014162),0.022,1.20%（每年）,0.20%（每年）,0.80%（每年）,0.00%,1.50%,0.50%
010127,基金(010127),0.022,1.20%（每年）,0.20%（每年）,0.80%（每年）,0.00%,1.50%,0.50%
016298,基金(016298),0.022,1.20%（每年）,0.20%（每年）,0.80%（每年）,0.00%,1.50%,0.50%
012836,基金(012836),0.022,1.20%（每年）,0.20%（每年）,0.80%（每年）,0.00%,1.50%,0.50%
012672,基金(012672),0.022,1.20%（每年）,0.20%（每年）,0.80%（每年）,0.00%,1.50%,0.50%
002686,基金(002686),0.022,1.20%（每年）,0.20%（每年）,0.80%（每年）,0.00%,1.50%,0.75%
002451,基金(002451),0.022,1.20%（每年）,0.20%（每年）,0.80%（每年）,0.00%,1.50%,0.50%
004391,基金(004391),0.022,1.20%（每年）,0.20%（每年）,0.80%（每年）,0.00%,1.50%,0.50%
004241,基金(004241),0.022,1.20%（每年）,0.20%（每年）,0.80%（每年）,0.00%,1.50%,1.00%
004237,基金(004237),0.022,1.20%（每年）,0.20%（每年）,0.80%（每年）,0.00%,1.50%,1.00%
004235,基金(004235),0.022,1.20%（每年）,0.20%（每年）,0.80%（每年）,0.00%,1.50%,1.00%
004234,基金(004234),0.022,1.20%（每年）,0.20%（每年）,0.80%（每年）,0.00%,1.50%,1.00%
004232,基金(004232),0.022,1.20%（每年）,0.20%（每年）,0.80%（每年）,0.00%,1.50%,1.00%
009030,基金(009030),0.022,1.20%（每年）,0.20%（每年）,0.80%（每年）,0.00%,1.50%,0.50%
009009,基金(009009),0.022,1.20%（每年）,0.20%（每年）,0.80%（每年）,0.00%,1.50%,0.50%
008950,基金(008950),0.022,1.20%（每年）,0.20%（每年）,0.80%（每年）,0.00%,1.50%,0.50%
009870,基金(009870),0.022,1.20%（每年）,0.20%（每年）,0.80%（每年）,0.00%,1.50%,0.50%
009727,基金(009727),0.022,1.20%（每年）,0.20%（每年）,0.80%（每年）,0.00%,1.50%,0.50%
008315,基金(008315),0.022,1.20%（每年）,0.20%（每年）,0.80%（每年）,0.00%,1.50%,0.50%
009063,基金(009063),0.022,1.20%（每年）,0.20%（每年）,0.80%（每年）,0.00%,1.50%,0.50%
008262,基金(008262),0.022,1.20%（每年）,0.20%（每年）,0.80%（每年）,0.00%,1.50%,0.50%
005787,基金(005787),0.022,1.20%（每年）,0.20%（每年）,0.80%（每年）,0.00%,1.50%,1.00%
005776,基金(005776),0.022,1.20%（每年）,0.20%（每年）,0.80%（每年）,0.00%,1.50%,0.50%
004231,基金(004231),0.022,1.20%（每年）,0.20%（每年）,0.80%（每年）,0.00%,1.50%,1.00%
012457,基金(012457),0.022,1.20%（每年）,0.20%（每年）,0.80%（每年）,0.00%,1.50%,0.50%
005636,基金(005636),0.022,1.20%（每年）,0.20%（每年）,0.80%（每年）,0.00%,1.50%,0.50%
005551,基金(005551),0.022,1.20%（每年）,0.20%（每年）,0.80%（每年）,0.00%,1.50%,0.50%
012501,基金(012501),0.022,1.20%（每年）,0.20%（每年）,0.80%（每年）,0.00%,1.50%,0.50%
012120,基金(012120),0.022,1.20%（每年）,0.20%（每年）,0.80%（每年）,0.00%,1.50%,0.50%
004815,基金(004815),0.022,1.20%（每年）,0.20%（每年）,0.80%（每年）,0.00%,1.50%,1.00%
011883,基金(011883),0.022,1.20%（每年）,0.20%（每年）,0.80%（每年）,0.00%,1.50%,0.50%
006080,基金(006080),0.022,1.20%（每年）,0.20%（每年）,0.80%（每年）,0.00%,1.50%,0.50%
013562,基金(013562),0.022,1.20%（每年）,0.20%（每年）,0.80%（每年）,0.00%,1.50%,0.50%
013722,基金(013722),0.022,1.20%（每年）,0.20%（每年）,0.80%（每年）,0.00%,1.50%,0.50%
005763,基金(005763),0.022,1.20%（每年）,0.20%（每年）,0.80%（每年）,0.00%,1.50%,1.00%
005959,基金(005959),0.022,1.20%（每年）,0.20%（每年）,0.80%（每年）,0.00%,1.50%,0.50%
005963,基金(005963),0.022,1.20%（每年）,0.20%（每年）,0.80%（每年）,0.00%,1.50%,0.50%
006503,基金(006503),0.022,1.20%（每年）,0.20%（每年）,0.80%（每年）,0.00%,1.50%,0.50%
006101,基金(006101),0.022,1.20%（每年）,0.20%（每年）,0.80%（每年）,0.00%,1.50%,0.50%
006523,基金(006523),0.022,1.20%（每年）,0.20%（每年）,0.80%（每年）,0.00%,1.50%,0.50%
011043,基金(011043),0.022,1.20%（每年）,0.20%（每年）,0.80%（每年）,0.00%,1.50%,0.50%
011123,基金(011123),0.022,1.20%（每年）,0.20%（每年）,0.80%（每年）,0.00%,1.50%,0.50%
007491,基金(007491),0.022,1.20%（每年）,0.20%（每年）,0.80%（每年）,0.00%,1.50%,0.50%
009910,基金(009910),0.022,1.20%（每年）,0.20%（每年）,0.80%（每年）,0.00%,1.50%,0.50%
010491,基金(010491),0.022,1.20%（每年）,0.20%（每年）,0.80%（每年）,0.00%,1.50%,0.50%
001174,基金(001174),0.022,1.20%（每年）,0.20%（每年）,0.80%（每年）,0.00%,1.50%,0.75%
001301,基金(001301),0.022,1.20%（每年）,0.20%（每年）,0.80%（每年）,0.00%,1.50%,0.50%
160528,基金(160528),0.022,1.20%（每年）,0.20%（每年）,0.80%（每年）,0.00%,1.50%,0.50%
519173,基金(519173),0.022,1.20%（每年）,0.20%（每年）,0.80%（每年）,0.00%,1.50%,0.50%
