date,net_value,cumulative_net_value,daily_growth_rate,purchase_status,redemption_status,dividend
2026-01-13,1.7098,1.7098,-0.0079,场内买入,场内卖出,
2026-01-12,1.7235,1.7235,0.0151,场内买入,场内卖出,
2026-01-09,1.6978,1.6978,0.0105,场内买入,场内卖出,
2026-01-08,1.6802,1.6802,0.0085,场内买入,场内卖出,
2026-01-07,1.6661,1.6661,-0.0003,场内买入,场内卖出,
2026-01-06,1.6666,1.6666,0.0173,场内买入,场内卖出,
2026-01-05,1.6382,1.6382,0.0121999999999999,场内买入,场内卖出,
2025-12-31,1.6184,1.6184,0.0045,场内买入,场内卖出,
2025-12-30,1.6112,1.6112,-0.002,场内买入,场内卖出,
2025-12-29,1.6145,1.6145,-0.0031,场内买入,场内卖出,
2025-12-26,1.6195,1.6195,0.0044,场内买入,场内卖出,
2025-12-25,1.6124,1.6124,0.0039,场内买入,场内卖出,
2025-12-24,1.6061,1.6061,0.0066,场内买入,场内卖出,
2025-12-23,1.5955,1.5955,0.0,场内买入,场内卖出,
2025-12-22,1.5955,1.5955,0.0043,场内买入,场内卖出,
2025-12-19,1.5886,1.5886,0.0074,场内买入,场内卖出,
2025-12-18,1.5769,1.5769,0.001,场内买入,场内卖出,
2025-12-17,1.5753,1.5753,0.0106,场内买入,场内卖出,
2025-12-16,1.5587,1.5587,-0.0103,场内买入,场内卖出,
2025-12-15,1.5749,1.5749,-0.0043,场内买入,场内卖出,
2025-12-12,1.5817,1.5817,0.0105,场内买入,场内卖出,
2025-12-11,1.5653,1.5653,-0.0075,场内买入,场内卖出,
2025-12-10,1.5772,1.5772,0.0034999999999999,场内买入,场内卖出,
2025-12-09,1.5717,1.5717,-0.0102,场内买入,场内卖出,
2025-12-08,1.5879,1.5879,0.0014,场内买入,场内卖出,
2025-12-05,1.5857,1.5857,0.0096,场内买入,场内卖出,
2025-12-04,1.5706,1.5706,-0.0004,场内买入,场内卖出,
2025-12-03,1.5712,1.5712,-0.001,场内买入,场内卖出,
2025-12-02,1.5728,1.5728,-0.0015,场内买入,场内卖出,
2025-12-01,1.5751,1.5751,0.0077,场内买入,场内卖出,
2025-11-28,1.563,1.563,0.0059,场内买入,场内卖出,
2025-11-27,1.5538,1.5538,-0.0028,场内买入,场内卖出,
2025-11-26,1.5581,1.5581,-0.0046,场内买入,场内卖出,
2025-11-25,1.5653,1.5653,0.0044,场内买入,场内卖出,
2025-11-24,1.5584,1.5584,0.0048,场内买入,场内卖出,
2025-11-21,1.551,1.551,-0.0231,场内买入,场内卖出,
2025-11-20,1.5877,1.5877,-0.0038,场内买入,场内卖出,
2025-11-19,1.5937,1.5937,0.0026,场内买入,场内卖出,
2025-11-18,1.5896,1.5896,-0.0102,场内买入,场内卖出,
2025-11-17,1.606,1.606,-0.0069,场内买入,场内卖出,
2025-11-14,1.6171,1.6171,-0.0135,场内买入,场内卖出,
2025-11-13,1.6393,1.6393,0.0068,场内买入,场内卖出,
2025-11-12,1.6282,1.6282,-0.0042,场内买入,场内卖出,
2025-11-11,1.635,1.635,-0.0034999999999999,场内买入,场内卖出,
2025-11-10,1.6407,1.6407,0.0034,场内买入,场内卖出,
2025-11-07,1.6351,1.6351,-0.002,场内买入,场内卖出,
2025-11-06,1.6383,1.6383,0.0156,场内买入,场内卖出,
2025-11-05,1.6131,1.6131,0.0049,场内买入,场内卖出,
2025-11-04,1.6053,1.6053,-0.0067,场内买入,场内卖出,
2025-11-03,1.6161,1.6161,0.0072,场内买入,场内卖出,
2025-10-31,1.6045,1.6045,-0.0169,场内买入,场内卖出,
2025-10-30,1.6321,1.6321,-0.0038,场内买入,场内卖出,
2025-10-29,1.6383,1.6383,0.0127,场内买入,场内卖出,
2025-10-28,1.6177,1.6177,-0.0066,场内买入,场内卖出,
2025-10-27,1.6284,1.6284,0.0156,场内买入,场内卖出,
2025-10-24,1.6034,1.6034,0.005,场内买入,场内卖出,
2025-10-23,1.5955,1.5955,0.0028,场内买入,场内卖出,
2025-10-22,1.5911,1.5911,-0.0001,场内买入,场内卖出,
2025-10-21,1.5912,1.5912,0.0156,场内买入,场内卖出,
2025-10-20,1.5667,1.5667,0.0012,场内买入,场内卖出,
2025-10-17,1.5649,1.5649,-0.0219,场内买入,场内卖出,
2025-10-16,1.6,1.6,-0.0019,场内买入,场内卖出,
2025-10-15,1.603,1.603,0.0068,场内买入,场内卖出,
2025-10-14,1.5921,1.5921,-0.0051,场内买入,场内卖出,
2025-10-13,1.6003,1.6003,-0.0027,场内买入,场内卖出,
2025-10-10,1.6046,1.6046,-0.0034999999999999,场内买入,场内卖出,
2025-10-09,1.6102,1.6102,0.0288,场内买入,场内卖出,
2025-09-30,1.5651,1.5651,0.006,场内买入,场内卖出,
2025-09-29,1.5558,1.5558,0.0076,场内买入,场内卖出,
2025-09-26,1.5441,1.5441,-0.0023,场内买入,场内卖出,
2025-09-25,1.5477,1.5477,-0.001,场内买入,场内卖出,
2025-09-24,1.5492,1.5492,0.0040999999999999,场内买入,场内卖出,
2025-09-23,1.5429,1.5429,-0.0033,场内买入,场内卖出,
2025-09-22,1.548,1.548,-0.0006,场内买入,场内卖出,
2025-09-19,1.549,1.549,0.0019,场内买入,场内卖出,
2025-09-18,1.5461,1.5461,-0.0103,场内买入,场内卖出,
2025-09-17,1.5622,1.5622,0.0039,场内买入,场内卖出,
2025-09-16,1.5561,1.5561,-0.005,场内买入,场内卖出,
2025-09-15,1.5639,1.5639,-0.0021,场内买入,场内卖出,
2025-09-12,1.5672,1.5672,-0.0025,场内买入,场内卖出,
2025-09-11,1.5712,1.5712,0.0139999999999999,场内买入,场内卖出,
2025-09-10,1.5495,1.5495,0.0014,场内买入,场内卖出,
2025-09-09,1.5474,1.5474,-0.0075,场内买入,场内卖出,
2025-09-08,1.5591,1.5591,0.0073,场内买入,场内卖出,
2025-09-05,1.5478,1.5478,0.0097,场内买入,场内卖出,
2025-09-04,1.5329,1.5329,-0.012,场内买入,场内卖出,
2025-09-03,1.5515,1.5515,-0.0139,场内买入,场内卖出,
2025-09-02,1.5734,1.5734,-0.0087,场内买入,场内卖出,
2025-09-01,1.5872,1.5872,-0.0017,场内买入,场内卖出,
2025-08-29,1.5899,1.5899,-0.0028,场内买入,场内卖出,
2025-08-28,1.5943,1.5943,0.0107,场内买入,场内卖出,
2025-08-27,1.5774,1.5774,-0.017,场内买入,场内卖出,
2025-08-26,1.6046,1.6046,-0.0019,场内买入,场内卖出,
2025-08-25,1.6077,1.6077,0.0163999999999999,场内买入,场内卖出,
2025-08-22,1.5817,1.5817,0.0113999999999999,场内买入,场内卖出,
2025-08-21,1.5638,1.5638,0.0039,场内买入,场内卖出,
2025-08-20,1.5577,1.5577,0.0054,场内买入,场内卖出,
2025-08-19,1.5494,1.5494,-0.0034,场内买入,场内卖出,
2025-08-18,1.5547,1.5547,0.0051,场内买入,场内卖出,
2025-08-15,1.5468,1.5468,0.0051,场内买入,场内卖出,
2025-08-14,1.5389,1.5389,-0.0078,场内买入,场内卖出,
2025-08-13,1.551,1.551,0.0028,场内买入,场内卖出,
2025-08-12,1.5466,1.5466,0.0023,场内买入,场内卖出,
2025-08-11,1.5431,1.5431,-0.0019,场内买入,场内卖出,
2025-08-08,1.5461,1.5461,0.0045,场内买入,场内卖出,
2025-08-07,1.5392,1.5392,-0.0012,场内买入,场内卖出,
2025-08-06,1.541,1.541,0.0086,场内买入,场内卖出,
2025-08-05,1.5278,1.5278,0.0066,场内买入,场内卖出,
2025-08-04,1.5178,1.5178,0.0029,场内买入,场内卖出,
2025-08-01,1.5134,1.5134,-0.0066,场内买入,场内卖出,
2025-07-31,1.5235,1.5235,-0.0144,场内买入,场内卖出,
2025-07-30,1.5458,1.5458,-0.0032,场内买入,场内卖出,
2025-07-29,1.5508,1.5508,0.004,场内买入,场内卖出,
2025-07-28,1.5446,1.5446,-0.0022,场内买入,场内卖出,
2025-07-25,1.548,1.548,-0.0113,场内买入,场内卖出,
2025-07-24,1.5657,1.5657,0.0079,场内买入,场内卖出,
2025-07-23,1.5534,1.5534,-0.006,场内买入,场内卖出,
2025-07-22,1.5628,1.5628,0.0207,场内买入,场内卖出,
2025-07-21,1.5311,1.5311,0.0250999999999999,场内买入,场内卖出,
2025-07-18,1.4936,1.4936,0.0056999999999999,场内买入,场内卖出,
2025-07-17,1.4852,1.4852,0.0051,场内买入,场内卖出,
2025-07-16,1.4776,1.4776,-0.0037,场内买入,场内卖出,
2025-07-15,1.4831,1.4831,-0.0022,场内买入,场内卖出,
2025-07-14,1.4863,1.4863,0.0042,场内买入,场内卖出,
2025-07-11,1.4801,1.4801,0.0040999999999999,场内买入,场内卖出,
2025-07-10,1.4741,1.4741,0.0033,场内买入,场内卖出,
2025-07-09,1.4693,1.4693,-0.0016,场内买入,场内卖出,
2025-07-08,1.4716,1.4716,0.0046,场内买入,场内卖出,
2025-07-07,1.4648,1.4648,0.0021,场内买入,场内卖出,
2025-07-04,1.4617,1.4617,0.0005,场内买入,场内卖出,
2025-07-03,1.461,1.461,0.0002,场内买入,场内卖出,
2025-07-02,1.4607,1.4607,0.0027,场内买入,场内卖出,
2025-07-01,1.4567,1.4567,0.0023,场内买入,场内卖出,
2025-06-30,1.4534,1.4534,0.0056999999999999,场内买入,场内卖出,
2025-06-27,1.4451,1.4451,-0.0014,场内买入,场内卖出,
2025-06-26,1.4471,1.4471,-0.0013,场内买入,场内卖出,
2025-06-25,1.449,1.449,0.0095,场内买入,场内卖出,
2025-06-24,1.4354,1.4354,0.0081,场内买入,场内卖出,
2025-06-23,1.4238,1.4238,0.0031,场内买入,场内卖出,
2025-06-20,1.4194,1.4194,-0.0013,场内买入,场内卖出,
2025-06-19,1.4212,1.4212,-0.0092,场内买入,场内卖出,
2025-06-18,1.4344,1.4344,-0.0006,场内买入,场内卖出,
2025-06-17,1.4352,1.4352,0.0031,场内买入,场内卖出,
2025-06-16,1.4308,1.4308,0.0003,场内买入,场内卖出,
2025-06-13,1.4303,1.4303,0.0014,场内买入,场内卖出,
2025-06-12,1.4283,1.4283,-0.0029,场内买入,场内卖出,
2025-06-11,1.4325,1.4325,0.0044,场内买入,场内卖出,
2025-06-10,1.4262,1.4262,-0.0085,场内买入,场内卖出,
2025-06-09,1.4384,1.4384,0.0017,场内买入,场内卖出,
2025-06-06,1.4359,1.4359,0.0054,场内买入,场内卖出,
2025-06-05,1.4282,1.4282,0.0032,场内买入,场内卖出,
2025-06-04,1.4236,1.4236,0.0024,场内买入,场内卖出,
2025-06-03,1.4202,1.4202,0.0008,场内买入,场内卖出,
2025-05-30,1.419,1.419,-0.003,场内买入,场内卖出,
2025-05-29,1.4232,1.4232,0.0073,场内买入,场内卖出,
2025-05-28,1.4129,1.4129,-0.0004,场内买入,场内卖出,
2025-05-27,1.4134,1.4134,-0.0043,场内买入,场内卖出,
2025-05-26,1.4195,1.4195,0.0018,场内买入,场内卖出,
2025-05-23,1.4169,1.4169,-0.0098999999999999,场内买入,场内卖出,
2025-05-22,1.431,1.431,-0.0028,场内买入,场内卖出,
2025-05-21,1.435,1.435,0.001,场内买入,场内卖出,
2025-05-20,1.4336,1.4336,0.0022,场内买入,场内卖出,
2025-05-19,1.4305,1.4305,0.0024,场内买入,场内卖出,
2025-05-16,1.4271,1.4271,-0.0046999999999999,场内买入,场内卖出,
2025-05-15,1.4338,1.4338,-0.0088,场内买入,场内卖出,
2025-05-14,1.4466,1.4466,0.0048,场内买入,场内卖出,
2025-05-13,1.4397,1.4397,-0.0003,场内买入,场内卖出,
2025-05-12,1.4401,1.4401,0.0121999999999999,场内买入,场内卖出,
2025-05-09,1.4228,1.4228,-0.0055,场内买入,场内卖出,
2025-05-08,1.4306,1.4306,0.0034,场内买入,场内卖出,
2025-05-07,1.4257,1.4257,0.0101,场内买入,场内卖出,
2025-05-06,1.4115,1.4115,0.013,场内买入,场内卖出,
2025-04-30,1.3934,1.3934,-0.0039,场内买入,场内卖出,
2025-04-29,1.3989,1.3989,-0.0044,场内买入,场内卖出,
2025-04-28,1.4051,1.4051,-0.0018,场内买入,场内卖出,
2025-04-25,1.4077,1.4077,0.0013,场内买入,场内卖出,
2025-04-24,1.4059,1.4059,-0.0034999999999999,场内买入,场内卖出,
2025-04-23,1.4108,1.4108,-0.0012,场内买入,场内卖出,
2025-04-22,1.4125,1.4125,-0.0015,场内买入,场内卖出,
2025-04-21,1.4146,1.4146,0.0002,场内买入,场内卖出,
2025-04-18,1.4143,1.4143,0.0015,场内买入,场内卖出,
2025-04-17,1.4122,1.4122,-0.0008,场内买入,场内卖出,
2025-04-16,1.4134,1.4134,0.0026,场内买入,场内卖出,
2025-04-15,1.4097,1.4097,-0.0023,场内买入,场内卖出,
2025-04-14,1.413,1.413,0.0036,场内买入,场内卖出,
2025-04-11,1.4079,1.4079,-0.0037,场内买入,场内卖出,
2025-04-10,1.4131,1.4131,0.0011,场内买入,场内卖出,
2025-04-09,1.4116,1.4116,0.0185,场内买入,场内卖出,
2025-04-08,1.3859,1.3859,0.0311,场内买入,场内卖出,
2025-04-07,1.3441,1.3441,-0.0683,场内买入,场内卖出,
2025-04-03,1.4426,1.4426,0.0015,场内买入,场内卖出,
2025-04-02,1.4404,1.4404,-0.003,场内买入,场内卖出,
2025-04-01,1.4447,1.4447,0.0053,场内买入,场内卖出,
2025-03-31,1.4371,1.4371,-0.0093999999999999,场内买入,场内卖出,
2025-03-28,1.4507,1.4507,-0.0068,场内买入,场内卖出,
2025-03-27,1.4607,1.4607,-0.0046999999999999,场内买入,场内卖出,
2025-03-26,1.4676,1.4676,-0.0040999999999999,场内买入,场内卖出,
2025-03-25,1.4736,1.4736,0.0034999999999999,场内买入,场内卖出,
2025-03-24,1.4684,1.4684,-0.0005,场内买入,场内卖出,
2025-03-21,1.4691,1.4691,-0.0039,场内买入,场内卖出,
2025-03-20,1.4749,1.4749,-0.003,场内买入,场内卖出,
2025-03-19,1.4793,1.4793,-0.0073,场内买入,场内卖出,
2025-03-18,1.4902,1.4902,0.0001,场内买入,场内卖出,
2025-03-17,1.4901,1.4901,-0.0002,场内买入,场内卖出,
2025-03-14,1.4904,1.4904,0.0121999999999999,场内买入,场内卖出,
2025-03-13,1.4724,1.4724,-0.0018,场内买入,场内卖出,
2025-03-12,1.475,1.475,0.001,场内买入,场内卖出,
2025-03-11,1.4735,1.4735,0.0036,场内买入,场内卖出,
2025-03-10,1.4682,1.4682,-0.0072,场内买入,场内卖出,
2025-03-07,1.4788,1.4788,-0.0028,场内买入,场内卖出,
2025-03-06,1.4829,1.4829,0.0126,场内买入,场内卖出,
2025-03-05,1.4645,1.4645,0.0056,场内买入,场内卖出,
2025-03-04,1.4564,1.4564,0.0021,场内买入,场内卖出,
2025-03-03,1.4534,1.4534,0.0015,场内买入,场内卖出,
2025-02-28,1.4512,1.4512,-0.0157,场内买入,场内卖出,
2025-02-27,1.4744,1.4744,-0.0069,场内买入,场内卖出,
2025-02-26,1.4847,1.4847,0.0070999999999999,场内买入,场内卖出,
2025-02-25,1.4743,1.4743,-0.015,场内买入,场内卖出,
2025-02-24,1.4968,1.4968,0.0027,场内买入,场内卖出,
2025-02-21,1.4927,1.4927,0.0189,场内买入,场内卖出,
2025-02-20,1.465,1.465,-0.0078,场内买入,场内卖出,
2025-02-19,1.4765,1.4765,0.0055,场内买入,场内卖出,
2025-02-18,1.4684,1.4684,-0.0098,场内买入,场内卖出,
2025-02-17,1.4829,1.4829,0.0039,场内买入,场内卖出,
2025-02-14,1.4771,1.4771,0.0113999999999999,场内买入,场内卖出,
2025-02-13,1.4604,1.4604,-0.0049,场内买入,场内卖出,
2025-02-12,1.4676,1.4676,0.0060999999999999,场内买入,场内卖出,
2025-02-11,1.4587,1.4587,-0.0028,场内买入,场内卖出,
2025-02-10,1.4628,1.4628,0.0083,场内买入,场内卖出,
2025-02-07,1.4507,1.4507,0.009,场内买入,场内卖出,
2025-02-06,1.4378,1.4378,0.0103,场内买入,场内卖出,
2025-02-05,1.4231,1.4231,-0.0064,场内买入,场内卖出,
2025-01-27,1.4322,1.4322,0.0006,场内买入,场内卖出,
2025-01-24,1.4314,1.4314,0.0105,场内买入,场内卖出,
2025-01-23,1.4165,1.4165,0.0008,场内买入,场内卖出,
2025-01-22,1.4153,1.4153,-0.0027,场内买入,场内卖出,
2025-01-21,1.4192,1.4192,-0.0034999999999999,场内买入,场内卖出,
2025-01-20,1.4242,1.4242,-0.0029,场内买入,场内卖出,
2025-01-17,1.4284,1.4284,0.0027,场内买入,场内卖出,
2025-01-16,1.4246,1.4246,0.0051,场内买入,场内卖出,
2025-01-15,1.4174,1.4174,-0.0076,场内买入,场内卖出,
2025-01-14,1.4283,1.4283,0.0232,场内买入,场内卖出,
2025-01-13,1.3959,1.3959,-0.0029,场内买入,场内卖出,
2025-01-10,1.3999,1.3999,-0.0128,场内买入,场内卖出,
2025-01-09,1.4181,1.4181,-0.0067,场内买入,场内卖出,
2025-01-08,1.4276,1.4276,-0.0024,场内买入,场内卖出,
2025-01-07,1.431,1.431,0.0034,场内买入,场内卖出,
2025-01-06,1.4262,1.4262,-0.0056,场内买入,场内卖出,
2025-01-03,1.4343,1.4343,-0.0139,场内买入,场内卖出,
2025-01-02,1.4545,1.4545,-0.0338,场内买入,场内卖出,
2024-12-31,1.5054,1.5054,-0.0132,场内买入,场内卖出,
2024-12-30,1.5256,1.5256,0.0032,场内买入,场内卖出,
2024-12-27,1.5207,1.5207,0.0026,场内买入,场内卖出,
2024-12-26,1.5167,1.5167,-0.0024,场内买入,场内卖出,
2024-12-25,1.5203,1.5203,0.0016,场内买入,场内卖出,
2024-12-24,1.5178,1.5178,0.0111,场内买入,场内卖出,
2024-12-23,1.5011,1.5011,0.005,场内买入,场内卖出,
2024-12-20,1.4936,1.4936,-0.0056999999999999,场内买入,场内卖出,
2024-12-19,1.5022,1.5022,0.0027,场内买入,场内卖出,
2024-12-18,1.4981,1.4981,0.01,场内买入,场内卖出,
2024-12-17,1.4833,1.4833,-0.0004,场内买入,场内卖出,
2024-12-16,1.4839,1.4839,-0.0007,场内买入,场内卖出,
2024-12-13,1.485,1.485,-0.0213,场内买入,场内卖出,
2024-12-12,1.5173,1.5173,0.0051,场内买入,场内卖出,
2024-12-11,1.5096,1.5096,0.0016,场内买入,场内卖出,
2024-12-10,1.5072,1.5072,0.0031,场内买入,场内卖出,
2024-12-09,1.5025,1.5025,0.0002,场内买入,场内卖出,
2024-12-06,1.5022,1.5022,0.0098999999999999,场内买入,场内卖出,
2024-12-05,1.4875,1.4875,-0.0026,场内买入,场内卖出,
2024-12-04,1.4914,1.4914,-0.0011,场内买入,场内卖出,
2024-12-03,1.493,1.493,0.0051,场内买入,场内卖出,
2024-12-02,1.4854,1.4854,0.0103,场内买入,场内卖出,
2024-11-29,1.4703,1.4703,0.0085,场内买入,场内卖出,
2024-11-28,1.4579,1.4579,-0.0073,场内买入,场内卖出,
2024-11-27,1.4686,1.4686,0.0141,场内买入,场内卖出,
2024-11-26,1.4482,1.4482,-0.005,场内买入,场内卖出,
2024-11-25,1.4555,1.4555,-0.0098999999999999,场内买入,场内卖出,
2024-11-22,1.4701,1.4701,-0.031,场内买入,场内卖出,
2024-11-21,1.5172,1.5172,-0.0018,场内买入,场内卖出,
2024-11-20,1.52,1.52,0.0025,场内买入,场内卖出,
2024-11-19,1.5162,1.5162,-0.0086,场内买入,场内卖出,
2024-11-18,1.5293,1.5293,0.0056999999999999,场内买入,场内卖出,
2024-11-15,1.5207,1.5207,-0.0053,场内买入,场内卖出,
2024-11-14,1.5288,1.5288,-0.0200999999999999,场内买入,场内卖出,
2024-11-13,1.5601,1.5601,0.0141999999999999,场内买入,场内卖出,
2024-11-12,1.5383,1.5383,-0.0208,场内买入,场内卖出,
2024-11-11,1.5709,1.5709,0.0069999999999999,场内买入,场内卖出,
2024-11-08,1.56,1.56,-0.0066,场内买入,场内卖出,
2024-11-07,1.5704,1.5704,0.0200999999999999,场内买入,场内卖出,
2024-11-06,1.5395,1.5395,0.0022,场内买入,场内卖出,
2024-11-05,1.5361,1.5361,0.0204999999999999,场内买入,场内卖出,
2024-11-04,1.5053,1.5053,0.0088,场内买入,场内卖出,
2024-11-01,1.4921,1.4921,0.0060999999999999,场内买入,场内卖出,
2024-10-31,1.483,1.483,-0.001,场内买入,场内卖出,
2024-10-30,1.4845,1.4845,-0.0069999999999999,场内买入,场内卖出,
2024-10-29,1.4949,1.4949,-0.0074,场内买入,场内卖出,
2024-10-28,1.5061,1.5061,0.0068,场内买入,场内卖出,
2024-10-25,1.4959,1.4959,-0.0001,场内买入,场内卖出,
2024-10-24,1.4961,1.4961,-0.0121999999999999,场内买入,场内卖出,
2024-10-23,1.5146,1.5146,0.0044,场内买入,场内卖出,
2024-10-22,1.508,1.508,0.0034999999999999,场内买入,场内卖出,
2024-10-21,1.5028,1.5028,0.0118999999999999,场内买入,场内卖出,
2024-10-18,1.4852,1.4852,0.0259,场内买入,场内卖出,
2024-10-17,1.4477,1.4477,-0.0123,场内买入,场内卖出,
2024-10-16,1.4658,1.4658,0.0,场内买入,场内卖出,
2024-10-15,1.4658,1.4658,-0.0273,场内买入,场内卖出,
2024-10-14,1.5069,1.5069,0.0212,场内买入,场内卖出,
2024-10-11,1.4756,1.4756,-0.0318,场内买入,场内卖出,
2024-10-10,1.524,1.524,0.0331,场内买入,场内卖出,
2024-10-09,1.4752,1.4752,-0.0677,场内买入,场内卖出,
2024-10-08,1.5824,1.5824,0.0426999999999999,场内买入,场内卖出,
2024-09-30,1.5176,1.5176,0.0795,场内买入,场内卖出,
2024-09-27,1.4058,1.4058,0.0237,场内买入,场内卖出,
2024-09-26,1.3733,1.3733,0.027,场内买入,场内卖出,
2024-09-25,1.3372,1.3372,0.0213,场内买入,场内卖出,
2024-09-24,1.3093,1.3093,0.0353,场内买入,场内卖出,
2024-09-23,1.2647,1.2647,0.0062,场内买入,场内卖出,
2024-09-20,1.2569,1.2569,-0.0017,场内买入,场内卖出,
2024-09-19,1.2591,1.2591,0.0072,场内买入,场内卖出,
2024-09-18,1.2501,1.2501,0.0067,场内买入,场内卖出,
2024-09-13,1.2418,1.2418,-0.0031,场内买入,场内卖出,
2024-09-12,1.2456,1.2456,0.0,场内买入,场内卖出,
2024-09-11,1.2456,1.2456,-0.0085,场内买入,场内卖出,
2024-09-10,1.2563,1.2563,0.0051,场内买入,场内卖出,
2024-09-09,1.2499,1.2499,-0.0137,场内买入,场内卖出,
2024-09-06,1.2673,1.2673,-0.0085,场内买入,场内卖出,
2024-09-05,1.2782,1.2782,-0.002,场内买入,场内卖出,
2024-09-04,1.2808,1.2808,-0.0093999999999999,场内买入,场内卖出,
2024-09-03,1.2929,1.2929,0.0,场内买入,场内卖出,
2024-09-02,1.2929,1.2929,-0.0194,场内买入,场内卖出,
2024-08-30,1.3185,1.3185,0.0066,场内买入,场内卖出,
2024-08-29,1.3099,1.3099,-0.0086,场内买入,场内卖出,
2024-08-28,1.3213,1.3213,-0.0040999999999999,场内买入,场内卖出,
2024-08-27,1.3267,1.3267,-0.0074,场内买入,场内卖出,
2024-08-26,1.3366,1.3366,-0.0034,场内买入,场内卖出,
2024-08-23,1.3411,1.3411,0.0031,场内买入,场内卖出,
2024-08-22,1.337,1.337,0.0002,场内买入,场内卖出,
2024-08-21,1.3367,1.3367,-0.0039,场内买入,场内卖出,
2024-08-20,1.3419,1.3419,-0.0124,场内买入,场内卖出,
2024-08-19,1.3587,1.3587,0.0059,场内买入,场内卖出,
2024-08-16,1.3507,1.3507,-0.0014,场内买入,场内卖出,
2024-08-15,1.3526,1.3526,0.0092,场内买入,场内卖出,
2024-08-14,1.3403,1.3403,-0.0046999999999999,场内买入,场内卖出,
2024-08-13,1.3466,1.3466,0.008,场内买入,场内卖出,
2024-08-12,1.3359,1.3359,-0.006,场内买入,场内卖出,
2024-08-09,1.3439,1.3439,-0.0024,场内买入,场内卖出,
2024-08-08,1.3472,1.3472,-0.0063,场内买入,场内卖出,
2024-08-07,1.3557,1.3557,0.0038,场内买入,场内卖出,
2024-08-06,1.3506,1.3506,0.0014,场内买入,场内卖出,
2024-08-05,1.3487,1.3487,-0.0220999999999999,场内买入,场内卖出,
2024-08-02,1.3792,1.3792,-0.01,场内买入,场内卖出,
2024-08-01,1.3931,1.3931,0.0032,场内买入,场内卖出,
2024-07-31,1.3886,1.3886,0.0046,场内买入,场内卖出,
2024-07-30,1.3823,1.3823,-0.0065,场内买入,场内卖出,
2024-07-29,1.3913,1.3913,0.0049,场内买入,场内卖出,
2024-07-26,1.3845,1.3845,0.0044,场内买入,场内卖出,
2024-07-25,1.3784,1.3784,-0.0083,场内买入,场内卖出,
2024-07-24,1.39,1.39,0.0056,场内买入,场内卖出,
2024-07-23,1.3823,1.3823,-0.0165,场内买入,场内卖出,
2024-07-22,1.4055,1.4055,-0.005,场内买入,场内卖出,
2024-07-19,1.4126,1.4126,0.0037,场内买入,场内卖出,
2024-07-18,1.4074,1.4074,0.0116,场内买入,场内卖出,
2024-07-17,1.3913,1.3913,-0.0113999999999999,场内买入,场内卖出,
2024-07-16,1.4074,1.4074,0.0051,场内买入,场内卖出,
2024-07-15,1.4003,1.4003,0.0009,场内买入,场内卖出,
2024-07-12,1.399,1.399,-0.0054,场内买入,场内卖出,
2024-07-11,1.4066,1.4066,0.0141999999999999,场内买入,场内卖出,
2024-07-10,1.3869,1.3869,-0.0116999999999999,场内买入,场内卖出,
2024-07-09,1.4033,1.4033,0.0103,场内买入,场内卖出,
2024-07-08,1.389,1.389,-0.0048,场内买入,场内卖出,
2024-07-05,1.3957,1.3957,-0.0025,场内买入,场内卖出,
2024-07-04,1.3992,1.3992,-0.0053,场内买入,场内卖出,
2024-07-03,1.4066,1.4066,-0.0059,场内买入,场内卖出,
2024-07-02,1.4149,1.4149,-0.0038,场内买入,场内卖出,
2024-07-01,1.4203,1.4203,0.0093999999999999,场内买入,场内卖出,
2024-06-30,1.4071,1.4071,-0.0001,场内买入,场内卖出,
2024-06-28,1.4072,1.4072,0.0247,场内买入,场内卖出,
2024-06-27,1.3733,1.3733,-0.0068,场内买入,场内卖出,
2024-06-26,1.3827,1.3827,0.0074,场内买入,场内卖出,
2024-06-25,1.3726,1.3726,-0.0043,场内买入,场内卖出,
2024-06-24,1.3785,1.3785,-0.0096,场内买入,场内卖出,
2024-06-21,1.3918,1.3918,0.0034999999999999,场内买入,场内卖出,
2024-06-20,1.3869,1.3869,-0.0066,场内买入,场内卖出,
2024-06-19,1.3961,1.3961,-0.0031,场内买入,场内卖出,
2024-06-18,1.4004,1.4004,0.0124,场内买入,场内卖出,
2024-06-17,1.3833,1.3833,-0.0039,场内买入,场内卖出,
2024-06-14,1.3887,1.3887,0.0023,场内买入,场内卖出,
2024-06-13,1.3855,1.3855,-0.0012,场内买入,场内卖出,
2024-06-12,1.3871,1.3871,0.0040999999999999,场内买入,场内卖出,
2024-06-11,1.3815,1.3815,-0.0118999999999999,场内买入,场内卖出,
2024-06-07,1.3981,1.3981,0.003,场内买入,场内卖出,
2024-06-06,1.3939,1.3939,0.0009,场内买入,场内卖出,
2024-06-05,1.3926,1.3926,-0.0092,场内买入,场内卖出,
2024-06-04,1.4056,1.4056,0.0124,场内买入,场内卖出,
2024-06-03,1.3884,1.3884,0.003,场内买入,场内卖出,
2024-05-31,1.3842,1.3842,-0.0034999999999999,场内买入,场内卖出,
2024-05-30,1.3891,1.3891,-0.0009,场内买入,场内卖出,
2024-05-29,1.3903,1.3903,-0.0003,场内买入,场内卖出,
2024-05-28,1.3907,1.3907,-0.005,场内买入,场内卖出,
2024-05-27,1.3977,1.3977,0.0155,场内买入,场内卖出,
2024-05-24,1.3764,1.3764,-0.0039,场内买入,场内卖出,
2024-05-23,1.3818,1.3818,-0.0144,场内买入,场内卖出,
2024-05-22,1.402,1.402,-0.0005,场内买入,场内卖出,
2024-05-21,1.4027,1.4027,-0.0036,场内买入,场内卖出,
2024-05-20,1.4078,1.4078,0.0060999999999999,场内买入,场内卖出,
2024-05-17,1.3992,1.3992,0.0087,场内买入,场内卖出,
2024-05-16,1.3871,1.3871,-0.0002,场内买入,场内卖出,
2024-05-15,1.3874,1.3874,-0.0135,场内买入,场内卖出,
2024-05-14,1.4064,1.4064,-0.0053,场内买入,场内卖出,
2024-05-13,1.4139,1.4139,0.0076,场内买入,场内卖出,
2024-05-10,1.4032,1.4032,0.0024,场内买入,场内卖出,
2024-05-09,1.3999,1.3999,0.0121999999999999,场内买入,场内卖出,
2024-05-08,1.383,1.383,-0.0064,场内买入,场内卖出,
2024-05-07,1.3919,1.3919,-0.0001,场内买入,场内卖出,
2024-05-06,1.3921,1.3921,0.0073,场内买入,场内卖出,
2024-04-30,1.382,1.382,-0.0113999999999999,场内买入,场内卖出,
2024-04-29,1.398,1.398,-0.0045,场内买入,场内卖出,
2024-04-26,1.4043,1.4043,0.0059,场内买入,场内卖出,
2024-04-25,1.3961,1.3961,-0.0023,场内买入,场内卖出,
2024-04-24,1.3993,1.3993,0.0105,场内买入,场内卖出,
2024-04-23,1.3847,1.3847,-0.0203,场内买入,场内卖出,
2024-04-22,1.4134,1.4134,-0.013,场内买入,场内卖出,
2024-04-19,1.432,1.432,0.0027,场内买入,场内卖出,
2024-04-18,1.4281,1.4281,-0.0036,场内买入,场内卖出,
2024-04-17,1.4332,1.4332,0.0217,场内买入,场内卖出,
2024-04-16,1.4028,1.4028,-0.0111,场内买入,场内卖出,
2024-04-15,1.4185,1.4185,0.0345,场内买入,场内卖出,
2024-04-12,1.3712,1.3712,-0.0052,场内买入,场内卖出,
2024-04-11,1.3784,1.3784,0.0115,场内买入,场内卖出,
2024-04-10,1.3627,1.3627,-0.0070999999999999,场内买入,场内卖出,
2024-04-09,1.3724,1.3724,-0.0091,场内买入,场内卖出,
2024-04-08,1.385,1.385,0.0013,场内买入,场内卖出,
2024-04-03,1.3832,1.3832,-0.0028,场内买入,场内卖出,
2024-04-02,1.3871,1.3871,-0.0021,场内买入,场内卖出,
2024-04-01,1.39,1.39,0.0095,场内买入,场内卖出,
2024-03-29,1.3769,1.3769,0.0153,场内买入,场内卖出,
2024-03-28,1.3562,1.3562,0.0108,场内买入,场内卖出,
2024-03-27,1.3417,1.3417,-0.0124,场内买入,场内卖出,
2024-03-26,1.3585,1.3585,0.0015,场内买入,场内卖出,
2024-03-25,1.3565,1.3565,-0.0040999999999999,场内买入,场内卖出,
2024-03-22,1.3621,1.3621,-0.0095,场内买入,场内卖出,
2024-03-21,1.3751,1.3751,0.0006,场内买入,场内卖出,
2024-03-20,1.3743,1.3743,0.0063,场内买入,场内卖出,
2024-03-19,1.3657,1.3657,-0.0091,场内买入,场内卖出,
2024-03-18,1.3783,1.3783,0.0167,场内买入,场内卖出,
2024-03-15,1.3557,1.3557,0.0024,场内买入,场内卖出,
2024-03-14,1.3524,1.3524,-0.0004,场内买入,场内卖出,
2024-03-13,1.353,1.353,-0.0019,场内买入,场内卖出,
2024-03-12,1.3556,1.3556,-0.0158,场内买入,场内卖出,
2024-03-11,1.3773,1.3773,0.0001,场内买入,场内卖出,
2024-03-08,1.3772,1.3772,0.0106,场内买入,场内卖出,
2024-03-07,1.3627,1.3627,-0.0043,场内买入,场内卖出,
2024-03-06,1.3686,1.3686,-0.0026,场内买入,场内卖出,
2024-03-05,1.3721,1.3721,0.0088,场内买入,场内卖出,
2024-03-04,1.3601,1.3601,0.0058,场内买入,场内卖出,
2024-03-01,1.3522,1.3522,0.0066,场内买入,场内卖出,
2024-02-29,1.3433,1.3433,0.0216,场内买入,场内卖出,
2024-02-28,1.3149,1.3149,-0.0156,场内买入,场内卖出,
2024-02-27,1.3358,1.3358,0.015,场内买入,场内卖出,
2024-02-26,1.3161,1.3161,-0.0084,场内买入,场内卖出,
2024-02-23,1.3273,1.3273,0.0012,场内买入,场内卖出,
2024-02-22,1.3257,1.3257,0.0144999999999999,场内买入,场内卖出,
2024-02-21,1.3068,1.3068,0.0060999999999999,场内买入,场内卖出,
2024-02-20,1.2989,1.2989,0.0007,场内买入,场内卖出,
2024-02-19,1.298,1.298,0.0172,场内买入,场内卖出,
2024-02-08,1.2761,1.2761,0.0070999999999999,场内买入,场内卖出,
2024-02-07,1.2671,1.2671,0.0216,场内买入,场内卖出,
2024-02-06,1.2403,1.2403,0.0324,场内买入,场内卖出,
2024-02-05,1.2014,1.2014,-0.0088,场内买入,场内卖出,
2024-02-02,1.2121,1.2121,-0.0079,场内买入,场内卖出,
2024-02-01,1.2218,1.2218,-0.0121,场内买入,场内卖出,
2024-01-31,1.2368,1.2368,-0.0143,场内买入,场内卖出,
2024-01-30,1.2547,1.2547,-0.0087,场内买入,场内卖出,
2024-01-29,1.2657,1.2657,-0.0006,场内买入,场内卖出,
2024-01-26,1.2664,1.2664,0.0022,场内买入,场内卖出,
2024-01-25,1.2636,1.2636,0.0506,场内买入,场内卖出,
2024-01-24,1.2027,1.2027,0.0308999999999999,场内买入,场内卖出,
2024-01-23,1.1666,1.1666,0.006,场内买入,场内卖出,
2024-01-22,1.1596,1.1596,-0.0253,场内买入,场内卖出,
2024-01-19,1.1897,1.1897,-0.0054,场内买入,场内卖出,
2024-01-18,1.1961,1.1961,0.0023,场内买入,场内卖出,
2024-01-17,1.1933,1.1933,-0.0179,场内买入,场内卖出,
2024-01-16,1.2151,1.2151,0.0021,场内买入,场内卖出,
2024-01-15,1.2125,1.2125,0.0042,场内买入,场内卖出,
2024-01-12,1.2074,1.2074,0.0003,场内买入,场内卖出,
2024-01-11,1.207,1.207,0.0014,场内买入,场内卖出,
2024-01-10,1.2053,1.2053,-0.0104,场内买入,场内卖出,
2024-01-09,1.218,1.218,-0.0031,场内买入,场内卖出,
2024-01-08,1.2218,1.2218,-0.0141,场内买入,场内卖出,
2024-01-05,1.2393,1.2393,-0.0074,场内买入,场内卖出,
2024-01-04,1.2485,1.2485,-0.0053,场内买入,场内卖出,
2024-01-03,1.2552,1.2552,0.0025,场内买入,场内卖出,
2024-01-02,1.2521,1.2521,-0.0025,场内买入,场内卖出,
2023-12-31,1.2552,1.2552,0.0,场内买入,场内卖出,
2023-12-29,1.2552,1.2552,0.0078,场内买入,场内卖出,
2023-12-28,1.2455,1.2455,0.0097,场内买入,场内卖出,
2023-12-27,1.2335,1.2335,0.0091,场内买入,场内卖出,
2023-12-26,1.2224,1.2224,-0.0060999999999999,场内买入,场内卖出,
2023-12-25,1.2299,1.2299,0.0029,场内买入,场内卖出,
2023-12-22,1.2264,1.2264,0.0034,场内买入,场内卖出,
2023-12-21,1.2222,1.2222,0.0059,场内买入,场内卖出,
2023-12-20,1.215,1.215,-0.0109,场内买入,场内卖出,
2023-12-19,1.2284,1.2284,0.0007,场内买入,场内卖出,
2023-12-18,1.2275,1.2275,-0.0069999999999999,场内买入,场内卖出,
2023-12-15,1.2361,1.2361,-0.0049,场内买入,场内卖出,
2023-12-14,1.2422,1.2422,-0.0036,场内买入,场内卖出,
2023-12-13,1.2467,1.2467,-0.0116999999999999,场内买入,场内卖出,
2023-12-12,1.2614,1.2614,0.0037,场内买入,场内卖出,
2023-12-11,1.2568,1.2568,0.0124,场内买入,场内卖出,
2023-12-08,1.2414,1.2414,-0.0002,场内买入,场内卖出,
2023-12-07,1.2416,1.2416,-0.0024,场内买入,场内卖出,
2023-12-06,1.2446,1.2446,-0.0039,场内买入,场内卖出,
2023-12-05,1.2495,1.2495,-0.019,场内买入,场内卖出,
2023-12-04,1.2737,1.2737,0.0002,场内买入,场内卖出,
2023-12-01,1.2735,1.2735,0.0045,场内买入,场内卖出,
2023-11-30,1.2678,1.2678,0.0029,场内买入,场内卖出,
2023-11-29,1.2641,1.2641,-0.0101,场内买入,场内卖出,
2023-11-28,1.277,1.277,0.005,场内买入,场内卖出,
2023-11-27,1.2706,1.2706,0.0001,场内买入,场内卖出,
2023-11-24,1.2705,1.2705,-0.006,场内买入,场内卖出,
2023-11-23,1.2782,1.2782,0.0084,场内买入,场内卖出,
2023-11-22,1.2675,1.2675,-0.0086,场内买入,场内卖出,
2023-11-21,1.2785,1.2785,-0.0037,场内买入,场内卖出,
2023-11-20,1.2832,1.2832,0.0056,场内买入,场内卖出,
2023-11-17,1.276,1.276,-0.0023,场内买入,场内卖出,
2023-11-16,1.2789,1.2789,-0.0104,场内买入,场内卖出,
2023-11-15,1.2923,1.2923,0.0070999999999999,场内买入,场内卖出,
2023-11-14,1.2832,1.2832,0.0013,场内买入,场内卖出,
2023-11-13,1.2815,1.2815,0.008,场内买入,场内卖出,
2023-11-10,1.2713,1.2713,-0.009,场内买入,场内卖出,
2023-11-09,1.2829,1.2829,0.0043,场内买入,场内卖出,
2023-11-08,1.2774,1.2774,-0.003,场内买入,场内卖出,
2023-11-07,1.2813,1.2813,0.0002,场内买入,场内卖出,
2023-11-06,1.2811,1.2811,0.0056999999999999,场内买入,场内卖出,
2023-11-03,1.2738,1.2738,0.0060999999999999,场内买入,场内卖出,
2023-11-02,1.2661,1.2661,-0.0042,场内买入,场内卖出,
2023-11-01,1.2714,1.2714,-0.0034,场内买入,场内卖出,
2023-10-31,1.2757,1.2757,-0.0034,场内买入,场内卖出,
2023-10-30,1.28,1.28,-0.0074,场内买入,场内卖出,
2023-10-27,1.2895,1.2895,0.0081999999999999,场内买入,场内卖出,
2023-10-26,1.279,1.279,0.0072,场内买入,场内卖出,
2023-10-25,1.2698,1.2698,0.0093,场内买入,场内卖出,
2023-10-24,1.2581,1.2581,0.0004,场内买入,场内卖出,
2023-10-23,1.2576,1.2576,-0.0121,场内买入,场内卖出,
2023-10-20,1.273,1.273,-0.0123,场内买入,场内卖出,
2023-10-19,1.2888,1.2888,-0.0177,场内买入,场内卖出,
2023-10-18,1.312,1.312,-0.0081999999999999,场内买入,场内卖出,
2023-10-17,1.3228,1.3228,0.0086,场内买入,场内卖出,
2023-10-16,1.3115,1.3115,-0.0032,场内买入,场内卖出,
2023-10-13,1.3157,1.3157,-0.0102,场内买入,场内卖出,
2023-10-12,1.3293,1.3293,0.0108,场内买入,场内卖出,
2023-10-11,1.3151,1.3151,0.0002,场内买入,场内卖出,
2023-10-10,1.3148,1.3148,-0.0165,场内买入,场内卖出,
2023-10-09,1.3369,1.3369,0.0038,场内买入,场内卖出,
2023-09-28,1.3319,1.3319,0.005,场内买入,场内卖出,
2023-09-27,1.3253,1.3253,0.0033,场内买入,场内卖出,
2023-09-26,1.321,1.321,-0.0055,场内买入,场内卖出,
2023-09-25,1.3283,1.3283,-0.0093,场内买入,场内卖出,
2023-09-22,1.3408,1.3408,0.0187,场内买入,场内卖出,
2023-09-21,1.3162,1.3162,-0.0067,场内买入,场内卖出,
2023-09-20,1.3251,1.3251,-0.0048,场内买入,场内卖出,
2023-09-19,1.3315,1.3315,-0.0028,场内买入,场内卖出,
2023-09-18,1.3352,1.3352,-0.004,场内买入,场内卖出,
2023-09-15,1.3406,1.3406,-0.0083,场内买入,场内卖出,
2023-09-14,1.3518,1.3518,0.0044,场内买入,场内卖出,
2023-09-13,1.3459,1.3459,-0.0069999999999999,场内买入,场内卖出,
2023-09-12,1.3554,1.3554,0.0009,场内买入,场内卖出,
2023-09-11,1.3542,1.3542,0.0073,场内买入,场内卖出,
2023-09-08,1.3444,1.3444,-0.0002,场内买入,场内卖出,
2023-09-07,1.3447,1.3447,-0.0116999999999999,场内买入,场内卖出,
2023-09-06,1.3606,1.3606,-0.0011,场内买入,场内卖出,
2023-09-05,1.3621,1.3621,-0.0091,场内买入,场内卖出,
2023-09-04,1.3746,1.3746,0.0195,场内买入,场内卖出,
2023-09-01,1.3483,1.3483,0.0055,场内买入,场内卖出,
2023-08-31,1.3409,1.3409,-0.0046999999999999,场内买入,场内卖出,
2023-08-30,1.3472,1.3472,-0.0026,场内买入,场内卖出,
2023-08-29,1.3507,1.3507,0.0116999999999999,场内买入,场内卖出,
2023-08-28,1.3351,1.3351,0.0127,场内买入,场内卖出,
2023-08-25,1.3184,1.3184,-0.0056999999999999,场内买入,场内卖出,
2023-08-24,1.326,1.326,-0.0212,场内买入,场内卖出,
2023-08-23,1.3547,1.3547,-0.018,场内买入,场内卖出,
2023-08-22,1.3795,1.3795,0.0194,场内买入,场内卖出,
2023-08-21,1.3532,1.3532,-0.0062,场内买入,场内卖出,
2023-08-18,1.3617,1.3617,-0.0143,场内买入,场内卖出,
2023-08-17,1.3814,1.3814,0.0066,场内买入,场内卖出,
2023-08-16,1.3724,1.3724,-0.0185,场内买入,场内卖出,
2023-08-15,1.3982,1.3982,-0.0026,场内买入,场内卖出,
2023-08-14,1.4019,1.4019,0.0062,场内买入,场内卖出,
2023-08-11,1.3933,1.3933,-0.0206,场内买入,场内卖出,
2023-08-10,1.4226,1.4226,0.0026,场内买入,场内卖出,
2023-08-09,1.4189,1.4189,-0.0076,场内买入,场内卖出,
2023-08-08,1.4297,1.4297,-0.0024,场内买入,场内卖出,
2023-08-07,1.4332,1.4332,-0.0044,场内买入,场内卖出,
2023-08-04,1.4396,1.4396,0.0069,场内买入,场内卖出,
2023-08-03,1.4297,1.4297,0.0014,场内买入,场内卖出,
2023-08-02,1.4277,1.4277,-0.0087,场内买入,场内卖出,
2023-08-01,1.4403,1.4403,-0.0001,场内买入,场内卖出,
2023-07-31,1.4404,1.4404,0.0133,场内买入,场内卖出,
2023-07-28,1.4215,1.4215,0.0178,场内买入,场内卖出,
2023-07-27,1.3966,1.3966,-0.0039,场内买入,场内卖出,
2023-07-26,1.4021,1.4021,-0.0079,场内买入,场内卖出,
2023-07-25,1.4133,1.4133,0.0213,场内买入,场内卖出,
2023-07-24,1.3838,1.3838,0.0017,场内买入,场内卖出,
2023-07-21,1.3814,1.3814,-0.0046,场内买入,场内卖出,
2023-07-20,1.3878,1.3878,-0.0155,场内买入,场内卖出,
2023-07-19,1.4096,1.4096,0.0013,场内买入,场内卖出,
2023-07-18,1.4078,1.4078,-0.0043,场内买入,场内卖出,
2023-07-17,1.4139,1.4139,-0.0001,场内买入,场内卖出,
2023-07-14,1.414,1.414,0.0051,场内买入,场内卖出,
2023-07-13,1.4068,1.4068,0.0131,场内买入,场内卖出,
2023-07-12,1.3886,1.3886,-0.011,场内买入,场内卖出,
2023-07-11,1.404,1.404,0.0066,场内买入,场内卖出,
2023-07-10,1.3948,1.3948,0.0009,场内买入,场内卖出,
2023-07-07,1.3936,1.3936,-0.002,场内买入,场内卖出,
2023-07-06,1.3964,1.3964,-0.0046999999999999,场内买入,场内卖出,
2023-07-05,1.403,1.403,-0.0048,场内买入,场内卖出,
2023-07-04,1.4097,1.4097,0.0053,场内买入,场内卖出,
2023-07-03,1.4023,1.4023,0.0154,场内买入,场内卖出,
2023-06-30,1.381,1.381,0.0025,场内买入,场内卖出,
2023-06-29,1.3776,1.3776,0.0012,场内买入,场内卖出,
2023-06-28,1.376,1.376,-0.0014,场内买入,场内卖出,
2023-06-27,1.3779,1.3779,0.0226,场内买入,场内卖出,
2023-06-26,1.3474,1.3474,-0.0196,场内买入,场内卖出,
2023-06-21,1.3744,1.3744,-0.0137,场内买入,场内卖出,
2023-06-20,1.3935,1.3935,-0.0029,场内买入,场内卖出,
2023-06-19,1.3976,1.3976,-0.0034999999999999,场内买入,场内卖出,
2023-06-16,1.4025,1.4025,0.0191,场内买入,场内卖出,
2023-06-15,1.3762,1.3762,0.006,场内买入,场内卖出,
2023-06-14,1.368,1.368,-0.0027,场内买入,场内卖出,
2023-06-13,1.3717,1.3717,0.0022,场内买入,场内卖出,
2023-06-12,1.3687,1.3687,-0.0075,场内买入,场内卖出,
2023-06-09,1.379,1.379,0.0072,场内买入,场内卖出,
2023-06-08,1.3692,1.3692,0.0077,场内买入,场内卖出,
2023-06-07,1.3587,1.3587,0.0003,场内买入,场内卖出,
2023-06-06,1.3583,1.3583,-0.0138,场内买入,场内卖出,
2023-06-05,1.3773,1.3773,-0.0039,场内买入,场内卖出,
2023-06-02,1.3827,1.3827,-0.0008,场内买入,场内卖出,
2023-06-01,1.3838,1.3838,0.0077,场内买入,场内卖出,
2023-05-31,1.3732,1.3732,-0.003,场内买入,场内卖出,
2023-05-30,1.3774,1.3774,0.0197,场内买入,场内卖出,
2023-05-29,1.3508,1.3508,0.0089,场内买入,场内卖出,
2023-05-26,1.3389,1.3389,0.005,场内买入,场内卖出,
2023-05-25,1.3323,1.3323,-0.0017,场内买入,场内卖出,
2023-05-24,1.3346,1.3346,-0.0176,场内买入,场内卖出,
2023-05-23,1.3585,1.3585,-0.0162,场内买入,场内卖出,
2023-05-22,1.3808,1.3808,-0.0022,场内买入,场内卖出,
2023-05-19,1.3838,1.3838,-0.0107,场内买入,场内卖出,
2023-05-18,1.3987,1.3987,0.0089,场内买入,场内卖出,
2023-05-17,1.3863,1.3863,0.0006,场内买入,场内卖出,
2023-05-16,1.3854,1.3854,-0.0125,场内买入,场内卖出,
2023-05-15,1.403,1.403,0.0075,场内买入,场内卖出,
2023-05-12,1.3925,1.3925,-0.0177,场内买入,场内卖出,
2023-05-11,1.4176,1.4176,-0.0102,场内买入,场内卖出,
2023-05-10,1.4322,1.4322,-0.0089,场内买入,场内卖出,
2023-05-09,1.4451,1.4451,-0.0194,场内买入,场内卖出,
2023-05-08,1.4737,1.4737,0.0283,场内买入,场内卖出,
2023-05-05,1.4331,1.4331,-0.0118,场内买入,场内卖出,
2023-05-04,1.4502,1.4502,0.0058,场内买入,场内卖出,
2023-04-28,1.4419,1.4419,0.0281,场内买入,场内卖出,
2023-04-27,1.4025,1.4025,0.0078,场内买入,场内卖出,
2023-04-26,1.3916,1.3916,-0.0172,场内买入,场内卖出,
2023-04-25,1.416,1.416,-0.006,场内买入,场内卖出,
2023-04-24,1.4245,1.4245,-0.0033,场内买入,场内卖出,
2023-04-21,1.4292,1.4292,-0.0274,场内买入,场内卖出,
2023-04-20,1.4694,1.4694,0.0137,场内买入,场内卖出,
2023-04-19,1.4496,1.4496,-0.0113,场内买入,场内卖出,
2023-04-18,1.4662,1.4662,0.0014,场内买入,场内卖出,
2023-04-17,1.4642,1.4642,0.0124,场内买入,场内卖出,
2023-04-14,1.4463,1.4463,0.0131,场内买入,场内卖出,
2023-04-13,1.4276,1.4276,-0.0072,场内买入,场内卖出,
2023-04-12,1.4379,1.4379,0.0187999999999999,场内买入,场内卖出,
2023-04-11,1.4114,1.4114,-0.0033,场内买入,场内卖出,
2023-04-10,1.4161,1.4161,-0.0033,场内买入,场内卖出,
2023-04-07,1.4208,1.4208,0.0011,场内买入,场内卖出,
2023-04-06,1.4192,1.4192,-0.0022,场内买入,场内卖出,
2023-04-04,1.4223,1.4223,0.0231,场内买入,场内卖出,
2023-04-03,1.3902,1.3902,0.0179,场内买入,场内卖出,
2023-03-31,1.3658,1.3658,0.0086,场内买入,场内卖出,
2023-03-30,1.3541,1.3541,0.0033,场内买入,场内卖出,
2023-03-29,1.3497,1.3497,-0.0108,场内买入,场内卖出,
2023-03-28,1.3644,1.3644,-0.0025,场内买入,场内卖出,
2023-03-27,1.3678,1.3678,-0.015,场内买入,场内卖出,
2023-03-24,1.3886,1.3886,-0.0129,场内买入,场内卖出,
2023-03-23,1.4067,1.4067,0.019,场内买入,场内卖出,
2023-03-22,1.3805,1.3805,0.0055,场内买入,场内卖出,
2023-03-21,1.3729,1.3729,-0.0021,场内买入,场内卖出,
2023-03-20,1.3758,1.3758,-0.0135,场内买入,场内卖出,
2023-03-17,1.3946,1.3946,0.0279,场内买入,场内卖出,
2023-03-16,1.3567,1.3567,-0.0155,场内买入,场内卖出,
2023-03-15,1.3781,1.3781,0.0132,场内买入,场内卖出,
2023-03-14,1.3601,1.3601,-0.0036,场内买入,场内卖出,
2023-03-13,1.365,1.365,0.0289999999999999,场内买入,场内卖出,
2023-03-10,1.3265,1.3265,-0.0177,场内买入,场内卖出,
2023-03-09,1.3504,1.3504,-0.0036,场内买入,场内卖出,
2023-03-08,1.3553,1.3553,0.0026,场内买入,场内卖出,
2023-03-07,1.3518,1.3518,-0.0096,场内买入,场内卖出,
2023-03-06,1.3649,1.3649,0.0022,场内买入,场内卖出,
2023-03-03,1.3619,1.3619,0.016,场内买入,场内卖出,
2023-03-02,1.3404,1.3404,0.0115,场内买入,场内卖出,
2023-03-01,1.3251,1.3251,0.0232,场内买入,场内卖出,
2023-02-28,1.2951,1.2951,0.0116,场内买入,场内卖出,
2023-02-27,1.2803,1.2803,-0.0051,场内买入,场内卖出,
2023-02-24,1.2868,1.2868,-0.0009,场内买入,场内卖出,
2023-02-23,1.2879,1.2879,-0.0072,场内买入,场内卖出,
2023-02-22,1.2973,1.2973,-0.0034999999999999,场内买入,场内卖出,
2023-02-21,1.3019,1.3019,0.0081,场内买入,场内卖出,
2023-02-20,1.2915,1.2915,0.0321,场内买入,场内卖出,
2023-02-17,1.2513,1.2513,-0.0153,场内买入,场内卖出,
2023-02-16,1.2707,1.2707,-0.0074,场内买入,场内卖出,
2023-02-15,1.2802,1.2802,0.0013,场内买入,场内卖出,
2023-02-14,1.2786,1.2786,0.0019,场内买入,场内卖出,
2023-02-13,1.2762,1.2762,0.006,场内买入,场内卖出,
2023-02-10,1.2686,1.2686,-0.0022,场内买入,场内卖出,
2023-02-09,1.2714,1.2714,0.0113,场内买入,场内卖出,
2023-02-08,1.2572,1.2572,-0.0098999999999999,场内买入,场内卖出,
2023-02-07,1.2698,1.2698,0.003,场内买入,场内卖出,
2023-02-06,1.266,1.266,-0.0004,场内买入,场内卖出,
2023-02-03,1.2665,1.2665,-0.0018,场内买入,场内卖出,
2023-02-02,1.2688,1.2688,-0.0034,场内买入,场内卖出,
2023-02-01,1.2731,1.2731,0.0135,场内买入,场内卖出,
2023-01-31,1.2562,1.2562,-0.003,场内买入,场内卖出,
2023-01-30,1.26,1.26,0.0052,场内买入,场内卖出,
2023-01-20,1.2535,1.2535,0.0158,场内买入,场内卖出,
2023-01-19,1.234,1.234,0.0116,场内买入,场内卖出,
2023-01-18,1.2198,1.2198,0.0043,场内买入,场内卖出,
2023-01-17,1.2146,1.2146,0.0007,场内买入,场内卖出,
2023-01-16,1.2138,1.2138,0.0128,场内买入,场内卖出,
2023-01-13,1.1985,1.1985,0.0042,场内买入,场内卖出,
2023-01-12,1.1935,1.1935,0.0037,场内买入,场内卖出,
2023-01-11,1.1891,1.1891,-0.0038,场内买入,场内卖出,
2023-01-10,1.1936,1.1936,-0.0025,场内买入,场内卖出,
2023-01-09,1.1966,1.1966,0.0013,场内买入,场内卖出,
2023-01-06,1.1951,1.1951,-0.0042,场内买入,场内卖出,
2023-01-05,1.2001,1.2001,0.0042,场内买入,场内卖出,
2023-01-04,1.1951,1.1951,0.0002,场内买入,场内卖出,
2023-01-03,1.1949,1.1949,0.0207,场内买入,场内卖出,
2022-12-31,1.1707,1.1707,0.0,场内买入,场内卖出,
2022-12-30,1.1707,1.1707,0.003,场内买入,场内卖出,
2022-12-29,1.1672,1.1672,-0.0034999999999999,场内买入,场内卖出,
2022-12-28,1.1713,1.1713,-0.0066,场内买入,场内卖出,
2022-12-27,1.1791,1.1791,0.0060999999999999,场内买入,场内卖出,
2022-12-26,1.1719,1.1719,0.0096,场内买入,场内卖出,
2022-12-23,1.1607,1.1607,-0.0005,场内买入,场内卖出,
2022-12-22,1.1613,1.1613,-0.0039,场内买入,场内卖出,
2022-12-21,1.1658,1.1658,-0.0069999999999999,场内买入,场内卖出,
2022-12-20,1.174,1.174,-0.0075,场内买入,场内卖出,
2022-12-19,1.1829,1.1829,-0.0226,场内买入,场内卖出,
2022-12-16,1.2102,1.2102,0.0009,场内买入,场内卖出,
2022-12-15,1.2091,1.2091,-0.0014,场内买入,场内卖出,
2022-12-14,1.2108,1.2108,-0.0051,场内买入,场内卖出,
2022-12-13,1.217,1.217,-0.0038,场内买入,场内卖出,
2022-12-12,1.2217,1.2217,-0.0112,场内买入,场内卖出,
2022-12-09,1.2356,1.2356,-0.0019,场内买入,场内卖出,
2022-12-08,1.238,1.238,-0.0064,场内买入,场内卖出,
2022-12-07,1.246,1.246,-0.01,场内买入,场内卖出,
2022-12-06,1.2586,1.2586,-0.0069,场内买入,场内卖出,
2022-12-05,1.2673,1.2673,0.0391,场内买入,场内卖出,
2022-12-02,1.2196,1.2196,-0.0067,场内买入,场内卖出,
2022-12-01,1.2278,1.2278,0.0029,场内买入,场内卖出,
2022-11-30,1.2243,1.2243,0.0033,场内买入,场内卖出,
2022-11-29,1.2203,1.2203,0.0153,场内买入,场内卖出,
2022-11-28,1.2019,1.2019,-0.0073,场内买入,场内卖出,
2022-11-25,1.2107,1.2107,0.0112,场内买入,场内卖出,
2022-11-24,1.1973,1.1973,-0.0111,场内买入,场内卖出,
2022-11-23,1.2107,1.2107,0.0108,场内买入,场内卖出,
2022-11-22,1.1978,1.1978,0.0185,场内买入,场内卖出,
2022-11-21,1.1761,1.1761,0.0003,场内买入,场内卖出,
2022-11-18,1.1758,1.1758,-0.0023,场内买入,场内卖出,
2022-11-17,1.1785,1.1785,0.0017,场内买入,场内卖出,
2022-11-16,1.1765,1.1765,-0.0031,场内买入,场内卖出,
2022-11-15,1.1801,1.1801,0.0136,场内买入,场内卖出,
2022-11-14,1.1643,1.1643,-0.001,场内买入,场内卖出,
2022-11-11,1.1655,1.1655,0.0165,场内买入,场内卖出,
2022-11-10,1.1466,1.1466,-0.0074,场内买入,场内卖出,
2022-11-09,1.1552,1.1552,-0.0053,场内买入,场内卖出,
2022-11-08,1.1614,1.1614,0.0006,场内买入,场内卖出,
2022-11-07,1.1607,1.1607,0.0013,场内买入,场内卖出,
2022-11-04,1.1592,1.1592,0.0163,场内买入,场内卖出,
2022-11-03,1.1406,1.1406,-0.0031,场内买入,场内卖出,
2022-11-02,1.1442,1.1442,0.0077,场内买入,场内卖出,
2022-11-01,1.1355,1.1355,0.0207,场内买入,场内卖出,
2022-10-31,1.1125,1.1125,-0.0077,场内买入,场内卖出,
2022-10-28,1.1211,1.1211,-0.0252,场内买入,场内卖出,
2022-10-27,1.1501,1.1501,-0.0012,场内买入,场内卖出,
2022-10-26,1.1515,1.1515,0.0063,场内买入,场内卖出,
2022-10-25,1.1443,1.1443,0.0,场内买入,场内卖出,
2022-10-24,1.1443,1.1443,-0.0083,场内买入,场内卖出,
2022-10-21,1.1539,1.1539,0.0079,场内买入,场内卖出,
2022-10-20,1.1449,1.1449,0.0003,场内买入,场内卖出,
2022-10-19,1.1445,1.1445,-0.0081999999999999,场内买入,场内卖出,
2022-10-18,1.154,1.154,-0.0003,场内买入,场内卖出,
2022-10-17,1.1543,1.1543,0.0072,场内买入,场内卖出,
2022-10-14,1.1461,1.1461,0.0155,场内买入,场内卖出,
2022-10-13,1.1286,1.1286,-0.0016,场内买入,场内卖出,
2022-10-12,1.1304,1.1304,0.02,场内买入,场内卖出,
2022-10-11,1.1082,1.1082,0.0073,场内买入,场内卖出,
2022-10-10,1.1002,1.1002,-0.0068,场内买入,场内卖出,
2022-09-30,1.1077,1.1077,-0.0031,场内买入,场内卖出,
2022-09-29,1.1112,1.1112,-0.0004,场内买入,场内卖出,
2022-09-28,1.1116,1.1116,-0.0216,场内买入,场内卖出,
2022-09-27,1.1361,1.1361,0.0109,场内买入,场内卖出,
2022-09-26,1.1239,1.1239,-0.0252,场内买入,场内卖出,
2022-09-23,1.1529,1.1529,-0.0028,场内买入,场内卖出,
2022-09-22,1.1561,1.1561,0.0003,场内买入,场内卖出,
2022-09-21,1.1557,1.1557,0.0031,场内买入,场内卖出,
2022-09-20,1.1521,1.1521,-0.0003,场内买入,场内卖出,
2022-09-19,1.1524,1.1524,-0.0026,场内买入,场内卖出,
2022-09-16,1.1554,1.1554,-0.0232,场内买入,场内卖出,
2022-09-15,1.1828,1.1828,-0.0126,场内买入,场内卖出,
2022-09-14,1.1979,1.1979,-0.0089,场内买入,场内卖出,
2022-09-13,1.2087,1.2087,-0.0004,场内买入,场内卖出,
2022-09-09,1.2092,1.2092,0.0083,场内买入,场内卖出,
2022-09-08,1.1993,1.1993,-0.001,场内买入,场内卖出,
2022-09-07,1.2005,1.2005,0.0012,场内买入,场内卖出,
2022-09-06,1.1991,1.1991,0.0146,场内买入,场内卖出,
2022-09-05,1.1818,1.1818,0.0070999999999999,场内买入,场内卖出,
2022-09-02,1.1735,1.1735,0.0021,场内买入,场内卖出,
2022-09-01,1.171,1.171,-0.0026,场内买入,场内卖出,
2022-08-31,1.1741,1.1741,-0.0134,场内买入,场内卖出,
2022-08-30,1.19,1.19,-0.0038,场内买入,场内卖出,
2022-08-29,1.1945,1.1945,0.0070999999999999,场内买入,场内卖出,
2022-08-26,1.1861,1.1861,-0.0042,场内买入,场内卖出,
2022-08-25,1.1911,1.1911,0.0070999999999999,场内买入,场内卖出,
2022-08-24,1.1827,1.1827,-0.0215,场内买入,场内卖出,
2022-08-23,1.2087,1.2087,-0.0034999999999999,场内买入,场内卖出,
2022-08-22,1.2129,1.2129,0.009,场内买入,场内卖出,
2022-08-19,1.2021,1.2021,-0.0042,场内买入,场内卖出,
2022-08-18,1.2072,1.2072,-0.0083,场内买入,场内卖出,
2022-08-17,1.2173,1.2173,0.0053,场内买入,场内卖出,
2022-08-16,1.2109,1.2109,0.0019,场内买入,场内卖出,
2022-08-15,1.2086,1.2086,0.0003,场内买入,场内卖出,
2022-08-12,1.2082,1.2082,-0.0026,场内买入,场内卖出,
2022-08-11,1.2114,1.2114,0.0133,场内买入,场内卖出,
2022-08-10,1.1955,1.1955,-0.0006,场内买入,场内卖出,
2022-08-09,1.1962,1.1962,-0.0003,场内买入,场内卖出,
2022-08-08,1.1965,1.1965,0.0054,场内买入,场内卖出,
2022-08-05,1.1901,1.1901,0.0078,场内买入,场内卖出,
2022-08-04,1.1809,1.1809,0.0038,场内买入,场内卖出,
2022-08-03,1.1764,1.1764,-0.0034,场内买入,场内卖出,
2022-08-02,1.1804,1.1804,-0.0271,场内买入,场内卖出,
2022-08-01,1.2133,1.2133,0.0009,场内买入,场内卖出,
2022-07-29,1.2122,1.2122,-0.0053,场内买入,场内卖出,
2022-07-28,1.2186,1.2186,0.0031,场内买入,场内卖出,
2022-07-27,1.2148,1.2148,0.0007,场内买入,场内卖出,
2022-07-26,1.214,1.214,0.0081999999999999,场内买入,场内卖出,
2022-07-25,1.2041,1.2041,-0.0116999999999999,场内买入,场内卖出,
2022-07-22,1.2184,1.2184,0.002,场内买入,场内卖出,
2022-07-21,1.216,1.216,-0.0144,场内买入,场内卖出,
2022-07-20,1.2338,1.2338,0.0075,场内买入,场内卖出,
2022-07-19,1.2246,1.2246,0.0011,场内买入,场内卖出,
2022-07-18,1.2232,1.2232,0.0118999999999999,场内买入,场内卖出,
2022-07-15,1.2088,1.2088,-0.0141,场内买入,场内卖出,
2022-07-14,1.2261,1.2261,-0.0052,场内买入,场内卖出,
2022-07-13,1.2325,1.2325,0.0069999999999999,场内买入,场内卖出,
2022-07-12,1.2239,1.2239,0.0003,场内买入,场内卖出,
2022-07-11,1.2235,1.2235,-0.006,场内买入,场内卖出,
2022-07-08,1.2309,1.2309,-0.0033,场内买入,场内卖出,
2022-07-07,1.235,1.235,0.0081,场内买入,场内卖出,
2022-07-06,1.2251,1.2251,-0.0154,场内买入,场内卖出,
2022-07-05,1.2443,1.2443,0.0019,场内买入,场内卖出,
2022-07-04,1.2419,1.2419,0.0075,场内买入,场内卖出,
2022-07-01,1.2327,1.2327,0.0022,场内买入,场内卖出,
2022-06-30,1.23,1.23,0.002,场内买入,场内卖出,
2022-06-29,1.2276,1.2276,-0.0163,场内买入,场内卖出,
2022-06-28,1.248,1.248,0.0141,场内买入,场内卖出,
2022-06-27,1.2307,1.2307,0.0074,场内买入,场内卖出,
2022-06-24,1.2216,1.2216,0.0040999999999999,场内买入,场内卖出,
2022-06-23,1.2166,1.2166,0.0206,场内买入,场内卖出,
2022-06-22,1.1921,1.1921,-0.0168,场内买入,场内卖出,
2022-06-21,1.2125,1.2125,-0.0003,场内买入,场内卖出,
2022-06-20,1.2129,1.2129,-0.0002,场内买入,场内卖出,
2022-06-17,1.2132,1.2132,0.0016,场内买入,场内卖出,
2022-06-16,1.2113,1.2113,-0.0096,场内买入,场内卖出,
2022-06-15,1.223,1.223,0.0087,场内买入,场内卖出,
2022-06-14,1.2125,1.2125,0.0066,场内买入,场内卖出,
2022-06-13,1.2045,1.2045,-0.0068,场内买入,场内卖出,
2022-06-10,1.2127,1.2127,0.0081,场内买入,场内卖出,
2022-06-09,1.2029,1.2029,-0.0031,场内买入,场内卖出,
2022-06-08,1.2067,1.2067,0.0022,场内买入,场内卖出,
2022-06-07,1.204,1.204,-0.0012,场内买入,场内卖出,
2022-06-06,1.2054,1.2054,0.0059,场内买入,场内卖出,
2022-06-02,1.1983,1.1983,0.0044,场内买入,场内卖出,
2022-06-01,1.193,1.193,0.0019,场内买入,场内卖出,
2022-05-31,1.1907,1.1907,0.0024,场内买入,场内卖出,
2022-05-30,1.1879,1.1879,0.0034999999999999,场内买入,场内卖出,
2022-05-27,1.1837,1.1837,0.0042,场内买入,场内卖出,
2022-05-26,1.1787,1.1787,0.0116999999999999,场内买入,场内卖出,
2022-05-25,1.1651,1.1651,0.0200999999999999,场内买入,场内卖出,
2022-05-24,1.1421,1.1421,-0.0296,场内买入,场内卖出,
2022-05-23,1.1769,1.1769,-0.0056,场内买入,场内卖出,
2022-05-20,1.1835,1.1835,0.0129,场内买入,场内卖出,
2022-05-19,1.1684,1.1684,0.0116999999999999,场内买入,场内卖出,
2022-05-18,1.1549,1.1549,-0.0029,场内买入,场内卖出,
2022-05-17,1.1583,1.1583,0.0021,场内买入,场内卖出,
2022-05-16,1.1559,1.1559,0.0013,场内买入,场内卖出,
2022-05-13,1.1544,1.1544,0.0059,场内买入,场内卖出,
2022-05-12,1.1476,1.1476,-0.0039,场内买入,场内卖出,
2022-05-11,1.1521,1.1521,-0.0015,场内买入,场内卖出,
2022-05-10,1.1538,1.1538,0.0121999999999999,场内买入,场内卖出,
2022-05-09,1.1399,1.1399,0.0034999999999999,场内买入,场内卖出,
2022-05-06,1.1359,1.1359,-0.0246,场内买入,场内卖出,
2022-05-05,1.1645,1.1645,0.0013,场内买入,场内卖出,
2022-04-29,1.163,1.163,0.0297,场内买入,场内卖出,
2022-04-28,1.1295,1.1295,0.0163,场内买入,场内卖出,
2022-04-27,1.1114,1.1114,0.0363,场内买入,场内卖出,
2022-04-26,1.0725,1.0725,-0.0123,场内买入,场内卖出,
2022-04-25,1.0859,1.0859,-0.0498,场内买入,场内卖出,
2022-04-22,1.1428,1.1428,0.01,场内买入,场内卖出,
2022-04-21,1.1315,1.1315,-0.0291,场内买入,场内卖出,
2022-04-20,1.1654,1.1654,-0.0243,场内买入,场内卖出,
2022-04-19,1.1944,1.1944,0.0081999999999999,场内买入,场内卖出,
2022-04-18,1.1847,1.1847,-0.0066,场内买入,场内卖出,
2022-04-15,1.1926,1.1926,-0.0081999999999999,场内买入,场内卖出,
2022-04-14,1.2024,1.2024,0.0127,场内买入,场内卖出,
2022-04-13,1.1873,1.1873,-0.0105,场内买入,场内卖出,
2022-04-12,1.1999,1.1999,0.0063,场内买入,场内卖出,
2022-04-11,1.1924,1.1924,-0.0237999999999999,场内买入,场内卖出,
2022-04-08,1.2215,1.2215,0.0131,场内买入,场内卖出,
2022-04-07,1.2057,1.2057,-0.0124,场内买入,场内卖出,
2022-04-06,1.2208,1.2208,0.0162,场内买入,场内卖出,
2022-04-01,1.2013,1.2013,0.0027,场内买入,场内卖出,
2022-03-31,1.1981,1.1981,-0.0046999999999999,场内买入,场内卖出,
2022-03-30,1.2038,1.2038,0.0203,场内买入,场内卖出,
2022-03-29,1.1798,1.1798,-0.0037,场内买入,场内卖出,
2022-03-28,1.1842,1.1842,0.0046999999999999,场内买入,场内卖出,
2022-03-25,1.1787,1.1787,-0.0118,场内买入,场内卖出,
2022-03-24,1.1928,1.1928,-0.0084,场内买入,场内卖出,
2022-03-23,1.2029,1.2029,0.0108,场内买入,场内卖出,
2022-03-22,1.19,1.19,0.0049,场内买入,场内卖出,
2022-03-21,1.1842,1.1842,-0.0034,场内买入,场内卖出,
2022-03-18,1.1882,1.1882,0.0128,场内买入,场内卖出,
2022-03-17,1.1732,1.1732,0.0124,场内买入,场内卖出,
2022-03-16,1.1588,1.1588,0.0253,场内买入,场内卖出,
2022-03-15,1.1302,1.1302,-0.0602,场内买入,场内卖出,
2022-03-14,1.2026,1.2026,-0.0241,场内买入,场内卖出,
2022-03-11,1.2323,1.2323,-0.0019,场内买入,场内卖出,
2022-03-10,1.2347,1.2347,0.0107,场内买入,场内卖出,
2022-03-09,1.2216,1.2216,-0.0111,场内买入,场内卖出,
2022-03-08,1.2353,1.2353,-0.0255,场内买入,场内卖出,
2022-03-07,1.2676,1.2676,-0.009,场内买入,场内卖出,
2022-03-04,1.2791,1.2791,-0.0144,场内买入,场内卖出,
2022-03-03,1.2978,1.2978,0.008,场内买入,场内卖出,
2022-03-02,1.2875,1.2875,-0.0026,场内买入,场内卖出,
2022-03-01,1.2908,1.2908,0.0093,场内买入,场内卖出,
2022-02-28,1.2789,1.2789,0.0034999999999999,场内买入,场内卖出,
2022-02-25,1.2744,1.2744,-0.0004,场内买入,场内卖出,
2022-02-24,1.2749,1.2749,-0.0195,场内买入,场内卖出,
2022-02-23,1.3003,1.3003,0.0083,场内买入,场内卖出,
2022-02-22,1.2896,1.2896,-0.0149,场内买入,场内卖出,
2022-02-21,1.3091,1.3091,0.0009,场内买入,场内卖出,
2022-02-18,1.3079,1.3079,0.0111,场内买入,场内卖出,
2022-02-17,1.2935,1.2935,-0.0015,场内买入,场内卖出,
2022-02-16,1.2955,1.2955,0.006,场内买入,场内卖出,
2022-02-15,1.2878,1.2878,0.0023,场内买入,场内卖出,
2022-02-14,1.2848,1.2848,-0.0161,场内买入,场内卖出,
2022-02-11,1.3058,1.3058,-0.0113,场内买入,场内卖出,
2022-02-10,1.3207,1.3207,0.003,场内买入,场内卖出,
2022-02-09,1.3168,1.3168,0.0056999999999999,场内买入,场内卖出,
2022-02-08,1.3094,1.3094,0.0118,场内买入,场内卖出,
2022-02-07,1.2941,1.2941,0.0341,场内买入,场内卖出,
2022-01-28,1.2514,1.2514,-0.0167,场内买入,场内卖出,
2022-01-27,1.2726,1.2726,-0.0152,场内买入,场内卖出,
2022-01-26,1.2923,1.2923,0.0143,场内买入,场内卖出,
2022-01-25,1.2741,1.2741,-0.0331,场内买入,场内卖出,
2022-01-24,1.3177,1.3177,0.0031,场内买入,场内卖出,
2022-01-21,1.3136,1.3136,-0.0185,场内买入,场内卖出,
2022-01-20,1.3383,1.3383,0.0007,场内买入,场内卖出,
2022-01-19,1.3374,1.3374,0.0016,场内买入,场内卖出,
2022-01-18,1.3352,1.3352,0.0255,场内买入,场内卖出,
2022-01-17,1.302,1.302,0.0091,场内买入,场内卖出,
2022-01-14,1.2902,1.2902,-0.0181,场内买入,场内卖出,
2022-01-13,1.314,1.314,-0.0133,场内买入,场内卖出,
2022-01-12,1.3317,1.3317,0.0026,场内买入,场内卖出,
2022-01-11,1.3282,1.3282,-0.0095,场内买入,场内卖出,
2022-01-10,1.341,1.341,0.0046,场内买入,场内卖出,
2022-01-07,1.3348,1.3348,0.0045,场内买入,场内卖出,
2022-01-06,1.3288,1.3288,0.013,场内买入,场内卖出,
2022-01-05,1.3117,1.3117,-0.0212,场内买入,场内卖出,
2022-01-04,1.3401,1.3401,-0.0038,场内买入,场内卖出,
2021-12-31,1.3452,1.3452,0.0066,场内买入,场内卖出,
2021-12-30,1.3364,1.3364,0.0070999999999999,场内买入,场内卖出,
2021-12-29,1.327,1.327,-0.0053,场内买入,场内卖出,
2021-12-28,1.3341,1.3341,-0.0007,场内买入,场内卖出,
2021-12-27,1.3351,1.3351,-0.0034,场内买入,场内卖出,
2021-12-24,1.3396,1.3396,-0.0118999999999999,场内买入,场内卖出,
2021-12-23,1.3558,1.3558,0.0129,场内买入,场内卖出,
2021-12-22,1.3385,1.3385,-0.0064,场内买入,场内卖出,
2021-12-21,1.3471,1.3471,0.0085,场内买入,场内卖出,
2021-12-20,1.3358,1.3358,-0.0137,场内买入,场内卖出,
2021-12-17,1.3543,1.3543,-0.0056999999999999,场内买入,场内卖出,
2021-12-16,1.362,1.362,0.0165,场内买入,场内卖出,
2021-12-15,1.3399,1.3399,0.0046,场内买入,场内卖出,
2021-12-14,1.3338,1.3338,-0.0073,场内买入,场内卖出,
2021-12-13,1.3436,1.3436,0.0139999999999999,场内买入,场内卖出,
2021-12-10,1.3251,1.3251,-0.0096,场内买入,场内卖出,
2021-12-09,1.338,1.338,-0.0034999999999999,场内买入,场内卖出,
2021-12-08,1.3427,1.3427,0.0065,场内买入,场内卖出,
2021-12-07,1.334,1.334,0.005,场内买入,场内卖出,
2021-12-06,1.3273,1.3273,-0.0054,场内买入,场内卖出,
2021-12-03,1.3345,1.3345,0.021,场内买入,场内卖出,
2021-12-02,1.307,1.307,0.0113,场内买入,场内卖出,
2021-12-01,1.2924,1.2924,0.0038,场内买入,场内卖出,
2021-11-30,1.2875,1.2875,0.0044,场内买入,场内卖出,
2021-11-29,1.2819,1.2819,0.0018,场内买入,场内卖出,
2021-11-26,1.2796,1.2796,-0.0074,场内买入,场内卖出,
2021-11-25,1.2892,1.2892,0.0083,场内买入,场内卖出,
2021-11-24,1.2786,1.2786,-0.0046999999999999,场内买入,场内卖出,
2021-11-23,1.2847,1.2847,0.0037,场内买入,场内卖出,
2021-11-22,1.28,1.28,0.0049,场内买入,场内卖出,
2021-11-19,1.2738,1.2738,0.0097,场内买入,场内卖出,
2021-11-18,1.2616,1.2616,0.004,场内买入,场内卖出,
2021-11-17,1.2566,1.2566,0.01,场内买入,场内卖出,
2021-11-16,1.2441,1.2441,-0.0166,场内买入,场内卖出,
2021-11-15,1.2651,1.2651,-0.0070999999999999,场内买入,场内卖出,
2021-11-12,1.2742,1.2742,0.0107,场内买入,场内卖出,
2021-11-11,1.2607,1.2607,0.0074,场内买入,场内卖出,
2021-11-10,1.2514,1.2514,-0.0065,场内买入,场内卖出,
2021-11-09,1.2596,1.2596,0.0056999999999999,场内买入,场内卖出,
2021-11-08,1.2524,1.2524,0.0001,场内买入,场内卖出,
2021-11-05,1.2523,1.2523,-0.022,场内买入,场内卖出,
2021-11-04,1.2805,1.2805,0.0068,场内买入,场内卖出,
2021-11-03,1.2719,1.2719,0.002,场内买入,场内卖出,
2021-11-02,1.2694,1.2694,-0.0125,场内买入,场内卖出,
2021-11-01,1.2855,1.2855,0.0002,场内买入,场内卖出,
2021-10-29,1.2852,1.2852,0.0067,场内买入,场内卖出,
2021-10-28,1.2767,1.2767,-0.0148,场内买入,场内卖出,
2021-10-27,1.2959,1.2959,-0.0065,场内买入,场内卖出,
2021-10-26,1.3044,1.3044,0.0007,场内买入,场内卖出,
2021-10-25,1.3035,1.3035,0.0213,场内买入,场内卖出,
2021-10-22,1.2763,1.2763,-0.0132,场内买入,场内卖出,
2021-10-21,1.2934,1.2934,-0.002,场内买入,场内卖出,
2021-10-20,1.296,1.296,0.0012,场内买入,场内卖出,
2021-10-19,1.2945,1.2945,0.0070999999999999,场内买入,场内卖出,
2021-10-18,1.2854,1.2854,0.0167,场内买入,场内卖出,
2021-10-15,1.2643,1.2643,0.0042,场内买入,场内卖出,
2021-10-14,1.259,1.259,0.0078,场内买入,场内卖出,
2021-10-13,1.2492,1.2492,-0.0056999999999999,场内买入,场内卖出,
2021-10-12,1.2564,1.2564,-0.0248,场内买入,场内卖出,
2021-10-11,1.2883,1.2883,-0.0176,场内买入,场内卖出,
2021-10-08,1.3114,1.3114,-0.0098,场内买入,场内卖出,
2021-09-30,1.3244,1.3244,0.0091,场内买入,场内卖出,
2021-09-29,1.3124,1.3124,-0.0271,场内买入,场内卖出,
2021-09-28,1.3489,1.3489,0.0192,场内买入,场内卖出,
2021-09-27,1.3235,1.3235,-0.0358,场内买入,场内卖出,
2021-09-24,1.3727,1.3727,-0.0219,场内买入,场内卖出,
2021-09-23,1.4034,1.4034,0.0036,场内买入,场内卖出,
2021-09-22,1.3983,1.3983,0.0250999999999999,场内买入,场内卖出,
2021-09-17,1.364,1.364,0.0012,场内买入,场内卖出,
2021-09-16,1.3623,1.3623,-0.0148,场内买入,场内卖出,
2021-09-15,1.3827,1.3827,0.0045,场内买入,场内卖出,
2021-09-14,1.3765,1.3765,-0.0264,场内买入,场内卖出,
2021-09-13,1.4138,1.4138,0.0113999999999999,场内买入,场内卖出,
2021-09-10,1.3978,1.3978,-0.0108,场内买入,场内卖出,
2021-09-09,1.4131,1.4131,0.0200999999999999,场内买入,场内卖出,
2021-09-08,1.3852,1.3852,0.008,场内买入,场内卖出,
2021-09-07,1.3742,1.3742,0.0218,场内买入,场内卖出,
2021-09-06,1.3449,1.3449,0.0104,场内买入,场内卖出,
2021-09-03,1.3311,1.3311,-0.011,场内买入,场内卖出,
2021-09-02,1.3459,1.3459,0.0317,场内买入,场内卖出,
2021-09-01,1.3045,1.3045,0.0027,场内买入,场内卖出,
2021-08-31,1.301,1.301,0.0222,场内买入,场内卖出,
2021-08-30,1.2728,1.2728,0.011,场内买入,场内卖出,
2021-08-27,1.2589,1.2589,0.0078,场内买入,场内卖出,
2021-08-26,1.2492,1.2492,-0.0024,场内买入,场内卖出,
2021-08-25,1.2522,1.2522,0.0156,场内买入,场内卖出,
2021-08-24,1.233,1.233,0.001,场内买入,场内卖出,
2021-08-23,1.2318,1.2318,0.0209,场内买入,场内卖出,
2021-08-20,1.2066,1.2066,-0.0007,场内买入,场内卖出,
2021-08-19,1.2074,1.2074,-0.0034,场内买入,场内卖出,
2021-08-18,1.2115,1.2115,0.0173,场内买入,场内卖出,
2021-08-17,1.1909,1.1909,-0.0081999999999999,场内买入,场内卖出,
2021-08-16,1.2008,1.2008,-0.0033,场内买入,场内卖出,
2021-08-13,1.2048,1.2048,-0.0023,场内买入,场内卖出,
2021-08-12,1.2076,1.2076,-0.0038,场内买入,场内卖出,
2021-08-11,1.2122,1.2122,0.0103,场内买入,场内卖出,
2021-08-10,1.1998,1.1998,0.0086,场内买入,场内卖出,
2021-08-09,1.1896,1.1896,0.0048,场内买入,场内卖出,
2021-08-06,1.1839,1.1839,0.0048,场内买入,场内卖出,
2021-08-05,1.1783,1.1783,-0.0040999999999999,场内买入,场内卖出,
2021-08-04,1.1832,1.1832,0.0115,场内买入,场内卖出,
2021-08-03,1.1698,1.1698,-0.0032,场内买入,场内卖出,
2021-08-02,1.1736,1.1736,0.0186,场内买入,场内卖出,
2021-07-30,1.1522,1.1522,0.0179,场内买入,场内卖出,
2021-07-29,1.1319,1.1319,0.0168,场内买入,场内卖出,
2021-07-28,1.1132,1.1132,-0.0163999999999999,场内买入,场内卖出,
2021-07-27,1.1318,1.1318,-0.022,场内买入,场内卖出,
2021-07-26,1.1573,1.1573,-0.0034,场内买入,场内卖出,
2021-07-23,1.1613,1.1613,0.0101,场内买入,场内卖出,
2021-07-22,1.1497,1.1497,0.0081,场内买入,场内卖出,
2021-07-21,1.1405,1.1405,0.0081,场内买入,场内卖出,
2021-07-20,1.1313,1.1313,0.0029,场内买入,场内卖出,
2021-07-19,1.128,1.128,-0.0034,场内买入,场内卖出,
2021-07-16,1.1318,1.1318,0.0031,场内买入,场内卖出,
2021-07-15,1.1283,1.1283,0.0070999999999999,场内买入,场内卖出,
2021-07-14,1.1203,1.1203,-0.0105,场内买入,场内卖出,
2021-07-13,1.1322,1.1322,0.0066,场内买入,场内卖出,
2021-07-12,1.1248,1.1248,0.0106,场内买入,场内卖出,
2021-07-09,1.113,1.113,0.0064,场内买入,场内卖出,
2021-07-08,1.1059,1.1059,-0.0023,场内买入,场内卖出,
2021-07-07,1.1085,1.1085,0.0066,场内买入,场内卖出,
2021-07-06,1.1012,1.1012,0.0048,场内买入,场内卖出,
2021-07-05,1.0959,1.0959,0.0040999999999999,场内买入,场内卖出,
2021-07-02,1.0914,1.0914,-0.0101,场内买入,场内卖出,
2021-07-01,1.1025,1.1025,-0.0073,场内买入,场内卖出,
2021-06-30,1.1106,1.1106,0.0052,场内买入,场内卖出,
2021-06-29,1.1048,1.1048,-0.0098999999999999,场内买入,场内卖出,
2021-06-28,1.1159,1.1159,-0.0023,场内买入,场内卖出,
2021-06-25,1.1185,1.1185,0.005,场内买入,场内卖出,
2021-06-24,1.1129,1.1129,0.0042,场内买入,场内卖出,
2021-06-23,1.1082,1.1082,0.0101,场内买入,场内卖出,
2021-06-22,1.0971,1.0971,0.0070999999999999,场内买入,场内卖出,
2021-06-21,1.0894,1.0894,0.0068,场内买入,场内卖出,
2021-06-18,1.082,1.082,0.0046,场内买入,场内卖出,
2021-06-17,1.077,1.077,-0.0021,场内买入,场内卖出,
2021-06-16,1.0793,1.0793,-0.0027,场内买入,场内卖出,
2021-06-15,1.0822,1.0822,-0.0137,场内买入,场内卖出,
2021-06-11,1.0972,1.0972,-0.0054,场内买入,场内卖出,
2021-06-10,1.1032,1.1032,0.0074,场内买入,场内卖出,
2021-06-09,1.0951,1.0951,0.0027,场内买入,场内卖出,
2021-06-08,1.0921,1.0921,0.0029,场内买入,场内卖出,
2021-06-07,1.0889,1.0889,0.0006,场内买入,场内卖出,
2021-06-04,1.0882,1.0882,0.0046999999999999,场内买入,场内卖出,
2021-06-03,1.0831,1.0831,-0.0046,场内买入,场内卖出,
2021-06-02,1.0881,1.0881,-0.0073,场内买入,场内卖出,
2021-06-01,1.0961,1.0961,-0.0028,场内买入,场内卖出,
2021-05-31,1.0992,1.0992,0.0073,场内买入,场内卖出,
2021-05-28,1.0912,1.0912,0.0022,场内买入,场内卖出,
2021-05-27,1.0888,1.0888,0.003,场内买入,场内卖出,
2021-05-26,1.0855,1.0855,0.005,场内买入,场内卖出,
2021-05-25,1.0801,1.0801,0.0144,场内买入,场内卖出,
2021-05-24,1.0648,1.0648,-0.0069,场内买入,场内卖出,
2021-05-21,1.0722,1.0722,-0.0005,场内买入,场内卖出,
2021-05-20,1.0727,1.0727,-0.0068,场内买入,场内卖出,
2021-05-19,1.08,1.08,-0.0059,场内买入,场内卖出,
2021-05-18,1.0864,1.0864,0.0054,场内买入,场内卖出,
2021-05-17,1.0806,1.0806,0.0060999999999999,场内买入,场内卖出,
2021-05-14,1.074,1.074,0.0143,场内买入,场内卖出,
2021-05-13,1.0589,1.0589,-0.0162,场内买入,场内卖出,
2021-05-12,1.0763,1.0763,0.0051,场内买入,场内卖出,
2021-05-11,1.0708,1.0708,-0.0018,场内买入,场内卖出,
2021-05-10,1.0727,1.0727,0.009,场内买入,场内卖出,
2021-05-07,1.0631,1.0631,-0.0009,场内买入,场内卖出,
2021-05-06,1.0641,1.0641,0.009,场内买入,场内卖出,
2021-04-30,1.0546,1.0546,-0.0144,场内买入,场内卖出,
2021-04-29,1.07,1.07,0.003,场内买入,场内卖出,
2021-04-28,1.0668,1.0668,0.0098,场内买入,场内卖出,
2021-04-27,1.0564,1.0564,-0.0128,场内买入,场内卖出,
2021-04-26,1.0701,1.0701,-0.0044,场内买入,场内卖出,
2021-04-23,1.0748,1.0748,0.0005,场内买入,场内卖出,
2021-04-22,1.0743,1.0743,0.0026,场内买入,场内卖出,
2021-04-21,1.0715,1.0715,-0.012,场内买入,场内卖出,
2021-04-20,1.0845,1.0845,-0.0006,场内买入,场内卖出,
2021-04-19,1.0852,1.0852,0.018,场内买入,场内卖出,
2021-04-16,1.066,1.066,0.0083,场内买入,场内卖出,
2021-04-15,1.0572,1.0572,-0.002,场内买入,场内卖出,
2021-04-14,1.0593,1.0593,0.0105,场内买入,场内卖出,
2021-04-13,1.0483,1.0483,-0.0091,场内买入,场内卖出,
2021-04-12,1.0579,1.0579,-0.0134,场内买入,场内卖出,
2021-04-09,1.0723,1.0723,-0.0012,场内买入,场内卖出,
2021-04-08,1.0736,1.0736,-0.0027,场内买入,场内卖出,
2021-04-07,1.0765,1.0765,0.0015,场内买入,场内卖出,
2021-04-06,1.0749,1.0749,0.0040999999999999,场内买入,场内卖出,
2021-04-02,1.0705,1.0705,-0.0046,场内买入,场内卖出,
2021-04-01,1.0755,1.0755,0.0076,场内买入,场内卖出,
2021-03-31,1.0674,1.0674,0.0027,场内买入,场内卖出,
2021-03-30,1.0645,1.0645,0.0,场内买入,场内卖出,
2021-03-29,1.0645,1.0645,0.0093,场内买入,场内卖出,
2021-03-26,1.0547,1.0547,0.0197,场内买入,场内卖出,
2021-03-25,1.0343,1.0343,-0.0053,场内买入,场内卖出,
2021-03-24,1.0398,1.0398,-0.0195,场内买入,场内卖出,
2021-03-23,1.0605,1.0605,-0.0149,场内买入,场内卖出,
2021-03-22,1.0765,1.0765,0.0222,场内买入,场内卖出,
2021-03-19,1.0531,1.0531,-0.0141999999999999,场内买入,场内卖出,
2021-03-18,1.0683,1.0683,0.0042,场内买入,场内卖出,
2021-03-17,1.0638,1.0638,-0.0056,场内买入,场内卖出,
2021-03-16,1.0698,1.0698,0.003,场内买入,场内卖出,
2021-03-15,1.0666,1.0666,0.0001,场内买入,场内卖出,
2021-03-12,1.0665,1.0665,0.0121,场内买入,场内卖出,
2021-03-11,1.0537,1.0537,0.0246,场内买入,场内卖出,
2021-03-10,1.0284,1.0284,-0.0098,场内买入,场内卖出,
2021-03-09,1.0386,1.0386,-0.0178,场内买入,场内卖出,
2021-03-08,1.0574,1.0574,-0.0197,场内买入,场内卖出,
2021-03-05,1.0786,1.0786,-0.0048,场内买入,场内卖出,
2021-03-04,1.0838,1.0838,-0.0162,场内买入,场内卖出,
2021-03-03,1.1016,1.1016,0.013,场内买入,场内卖出,
2021-03-02,1.0875,1.0875,-0.001,场内买入,场内卖出,
2021-03-01,1.0886,1.0886,0.0196,场内买入,场内卖出,
2021-02-26,1.0677,1.0677,-0.0197,场内买入,场内卖出,
2021-02-25,1.0892,1.0892,0.0076,场内买入,场内卖出,
2021-02-24,1.081,1.081,-0.0154,场内买入,场内卖出,
2021-02-23,1.0979,1.0979,-0.0034999999999999,场内买入,场内卖出,
2021-02-22,1.1018,1.1018,0.001,场内买入,场内卖出,
2021-02-19,1.1007,1.1007,0.0166,场内买入,场内卖出,
2021-02-18,1.0827,1.0827,0.01,场内买入,场内卖出,
2021-02-10,1.072,1.072,0.0053,场内买入,场内卖出,
2021-02-09,1.0664,1.0664,0.0332,场内买入,场内卖出,
2021-02-08,1.0321,1.0321,0.0155,场内买入,场内卖出,
2021-02-05,1.0163,1.0163,-0.0163,场内买入,场内卖出,
2021-02-04,1.0331,1.0331,-0.008,场内买入,场内卖出,
2021-02-03,1.0414,1.0414,-0.018,场内买入,场内卖出,
2021-02-02,1.0605,1.0605,0.0112,场内买入,场内卖出,
2021-02-01,1.0488,1.0488,0.0044,场内买入,场内卖出,
2021-01-29,1.0442,1.0442,-0.0163,场内买入,场内卖出,
2021-01-28,1.0615,1.0615,-0.0289,场内买入,场内卖出,
2021-01-27,1.0931,1.0931,0.0048,场内买入,场内卖出,
2021-01-26,1.0879,1.0879,-0.0208,场内买入,场内卖出,
2021-01-25,1.111,1.111,-0.002,场内买入,场内卖出,
2021-01-22,1.1132,1.1132,0.0012,场内买入,场内卖出,
2021-01-21,1.1119,1.1119,0.0081,场内买入,场内卖出,
2021-01-20,1.103,1.103,0.0087,场内买入,场内卖出,
2021-01-19,1.0935,1.0935,-0.0113999999999999,场内买入,场内卖出,
2021-01-18,1.1061,1.1061,0.0126,场内买入,场内卖出,
2021-01-15,1.0923,1.0923,-0.0118999999999999,场内买入,场内卖出,
2021-01-14,1.1055,1.1055,-0.0075,场内买入,场内卖出,
2021-01-13,1.1138,1.1138,0.015,场内买入,场内卖出,
2021-01-12,1.0973,1.0973,0.0202,场内买入,场内卖出,
2021-01-11,1.0756,1.0756,-0.0182,场内买入,场内卖出,
2021-01-08,1.0955,1.0955,0.0005,场内买入,场内卖出,
2021-01-07,1.0949,1.0949,0.0178,场内买入,场内卖出,
2021-01-06,1.0757,1.0757,0.0115,场内买入,场内卖出,
2021-01-05,1.0635,1.0635,0.0051,场内买入,场内卖出,
2021-01-04,1.0581,1.0581,0.0220999999999999,场内买入,场内卖出,
2020-12-31,1.0352,1.0352,0.0187,场内买入,场内卖出,
2020-12-30,1.0162,1.0162,0.0066,场内买入,场内卖出,
2020-12-29,1.0095,1.0095,-0.0074,场内买入,场内卖出,
2020-12-28,1.017,1.017,-0.0052,场内买入,场内卖出,
2020-12-25,1.0223,1.0223,0.0101,场内买入,场内卖出,
2020-12-24,1.0121,1.0121,-0.0033,场内买入,场内卖出,
2020-12-23,1.0155,1.0155,0.0184,场内买入,场内卖出,
2020-12-22,0.9972,0.9972,-0.0248,场内买入,场内卖出,
2020-12-21,1.0226,1.0226,0.0139,场内买入,场内卖出,
2020-12-18,1.0086,1.0086,0.0095,场内买入,场内卖出,
2020-12-17,0.9991,0.9991,0.0072,场内买入,场内卖出,
2020-12-16,0.992,0.992,-0.0046999999999999,场内买入,场内卖出,
2020-12-15,0.9967,0.9967,0.0055,场内买入,场内卖出,
2020-12-14,0.9912,0.9912,0.0046,场内买入,场内卖出,
2020-12-11,0.9867,0.9867,-0.0155,场内买入,场内卖出,
2020-12-10,1.0022,1.0022,0.0012,场内买入,场内卖出,
2020-12-09,1.001,1.001,-0.018,场内买入,场内卖出,
2020-12-08,1.0194,1.0194,-0.0004,场内买入,场内卖出,
2020-12-07,1.0198,1.0198,-0.0101,场内买入,场内卖出,
2020-12-04,1.0302,1.0302,-0.0019,场内买入,场内卖出,
2020-12-03,1.0322,1.0322,-0.0139999999999999,场内买入,场内卖出,
2020-12-02,1.0469,1.0469,-0.0012,场内买入,场内卖出,
2020-12-01,1.0482,1.0482,0.0162,场内买入,场内卖出,
2020-11-30,1.0315,1.0315,-0.0029,场内买入,场内卖出,
2020-11-27,1.0345,1.0345,0.0103,场内买入,场内卖出,
2020-11-26,1.024,1.024,-0.0019,场内买入,场内卖出,
2020-11-25,1.0259,1.0259,-0.0116,场内买入,场内卖出,
2020-11-24,1.0379,1.0379,0.0066,场内买入,场内卖出,
2020-11-23,1.0311,1.0311,0.0131,场内买入,场内卖出,
2020-11-20,1.0178,1.0178,0.0059,场内买入,场内卖出,
2020-11-19,1.0118,1.0118,0.0056999999999999,场内买入,场内卖出,
2020-11-18,1.0061,1.0061,0.0059,场内买入,场内卖出,
2020-11-17,1.0002,1.0002,-0.0063,场内买入,场内卖出,
2020-11-16,1.0065,1.0065,0.0182,场内买入,场内卖出,
2020-11-13,0.9885,0.9885,-0.0032,场内买入,场内卖出,
2020-11-12,0.9917,0.9917,-0.0046,场内买入,场内卖出,
2020-11-11,0.9963,0.9963,-0.0025,场内买入,场内卖出,
2020-11-10,0.9988,0.9988,-0.0077,场内买入,场内卖出,
2020-11-09,1.0066,1.0066,0.0169,场内买入,场内卖出,
2020-11-06,0.9899,0.9899,-0.0008,场内买入,场内卖出,
2020-11-05,0.9907,0.9907,0.0181,场内买入,场内卖出,
2020-11-04,0.9731,0.9731,0.0045,场内买入,场内卖出,
2020-11-03,0.9687,0.9687,0.0158,场内买入,场内卖出,
2020-11-02,0.9536,0.9536,0.0048,场内买入,场内卖出,
2020-10-30,0.949,0.949,-0.0139999999999999,场内买入,场内卖出,
2020-10-29,0.9625,0.9625,0.0036,场内买入,场内卖出,
2020-10-28,0.959,0.959,0.0025,场内买入,场内卖出,
2020-10-27,0.9566,0.9566,-0.001,场内买入,场内卖出,
2020-10-26,0.9576,0.9576,0.0086,场内买入,场内卖出,
2020-10-23,0.9494,0.9494,-0.0006,场内买入,场内卖出,
2020-10-22,0.95,0.95,-0.0046,场内买入,场内卖出,
2020-10-21,0.9544,0.9544,-0.0102,场内买入,场内卖出,
2020-10-20,0.9642,0.9642,0.0034999999999999,场内买入,场内卖出,
2020-10-19,0.9608,0.9608,-0.0026,场内买入,场内卖出,
2020-10-16,0.9633,0.9633,-0.0068,场内买入,场内卖出,
2020-10-15,0.9699,0.9699,-0.0012,场内买入,场内卖出,
2020-10-14,0.9711,0.9711,-0.0029,场内买入,场内卖出,
2020-10-13,0.9739,0.9739,0.0023,场内买入,场内卖出,
2020-10-12,0.9717,0.9717,0.0237,场内买入,场内卖出,
2020-10-09,0.9492,0.9492,0.0202,场内买入,场内卖出,
2020-09-30,0.9304,0.9304,-0.0015,场内买入,场内卖出,
2020-09-29,0.9318,0.9318,0.0086,场内买入,场内卖出,
2020-09-28,0.9239,0.9239,-0.0025,场内买入,场内卖出,
2020-09-25,0.9262,0.9262,-0.0013,场内买入,场内卖出,
2020-09-24,0.9274,0.9274,-0.0183,场内买入,场内卖出,
2020-09-23,0.9447,0.9447,-0.0014,场内买入,场内卖出,
2020-09-22,0.946,0.946,-0.0177,场内买入,场内卖出,
2020-09-21,0.963,0.963,0.0009,场内买入,场内卖出,
2020-09-18,0.9621,0.9621,0.0186,场内买入,场内卖出,
2020-09-17,0.9445,0.9445,0.0005,场内买入,场内卖出,
2020-09-16,0.944,0.944,-0.0007,场内买入,场内卖出,
2020-09-15,0.9447,0.9447,0.0079,场内买入,场内卖出,
2020-09-14,0.9373,0.9373,0.004,场内买入,场内卖出,
2020-09-11,0.9336,0.9336,0.0033,场内买入,场内卖出,
2020-09-10,0.9305,0.9305,-0.0161,场内买入,场内卖出,
2020-09-09,0.9457,0.9457,-0.0116999999999999,场内买入,场内卖出,
2020-09-08,0.9569,0.9569,0.0078,场内买入,场内卖出,
2020-09-07,0.9495,0.9495,-0.0172,场内买入,场内卖出,
2020-09-04,0.9661,0.9661,-0.0076,场内买入,场内卖出,
2020-09-03,0.9735,0.9735,-0.0079,场内买入,场内卖出,
2020-09-02,0.9813,0.9813,-0.0044,场内买入,场内卖出,
2020-09-01,0.9856,0.9856,0.0056999999999999,场内买入,场内卖出,
2020-08-31,0.98,0.98,-0.0056,场内买入,场内卖出,
2020-08-28,0.9855,0.9855,0.016,场内买入,场内卖出,
2020-08-27,0.97,0.97,0.0033,场内买入,场内卖出,
2020-08-26,0.9668,0.9668,-0.0183,场内买入,场内卖出,
2020-08-25,0.9848,0.9848,-0.0116,场内买入,场内卖出,
2020-08-24,0.9964,0.9964,0.0070999999999999,场内买入,场内卖出,
2020-08-21,0.9894,0.9894,-0.0006,场内买入,场内卖出,
2020-08-20,0.99,0.99,-0.0156,场内买入,场内卖出,
2020-08-19,1.0057,1.0057,-0.0118999999999999,场内买入,场内卖出,
2020-08-18,1.0178,1.0178,0.0,场内买入,场内卖出,
2020-08-17,1.0178,1.0178,0.0217,场内买入,场内卖出,
2020-08-14,0.9962,0.9962,0.0091,场内买入,场内卖出,
2020-08-13,0.9872,0.9872,0.0019,场内买入,场内卖出,
2020-08-12,0.9853,0.9853,-0.0072,场内买入,场内卖出,
2020-08-11,0.9924,0.9924,-0.0116999999999999,场内买入,场内卖出,
2020-08-10,1.0041,1.0041,0.0055,场内买入,场内卖出,
2020-08-07,0.9986,0.9986,0.0005,场内买入,场内卖出,
2020-08-06,0.9981,0.9981,0.0052,场内买入,场内卖出,
2020-08-05,0.9929,0.9929,0.0045,场内买入,场内卖出,
2020-08-04,0.9885,0.9885,-0.0052,场内买入,场内卖出,
2020-08-03,0.9937,0.9937,0.0302999999999999,场内买入,场内卖出,
2020-07-31,0.9645,0.9645,0.0049,场内买入,场内卖出,
2020-07-30,0.9598,0.9598,-0.0023,场内买入,场内卖出,
2020-07-29,0.962,0.962,0.0183,场内买入,场内卖出,
2020-07-28,0.9447,0.9447,0.0034999999999999,场内买入,场内卖出,
2020-07-27,0.9414,0.9414,-0.0021,场内买入,场内卖出,
2020-07-24,0.9434,0.9434,-0.0354,场内买入,场内卖出,
2020-07-23,0.978,0.978,-0.0007,场内买入,场内卖出,
2020-07-22,0.9787,0.9787,0.0052,场内买入,场内卖出,
2020-07-21,0.9736,0.9736,-0.0054,场内买入,场内卖出,
2020-07-20,0.9789,0.9789,0.0496,场内买入,场内卖出,
2020-07-17,0.9326,0.9326,0.0037,场内买入,场内卖出,
2020-07-16,0.9292,0.9292,-0.0319,场内买入,场内卖出,
2020-07-15,0.9598,0.9598,-0.027,场内买入,场内卖出,
2020-07-14,0.9864,0.9864,-0.01,场内买入,场内卖出,
2020-07-13,0.9964,0.9964,0.0206,场内买入,场内卖出,
2020-07-10,0.9763,0.9763,-0.0214,场内买入,场内卖出,
2020-07-09,0.9977,0.9977,0.0229,场内买入,场内卖出,
2020-07-08,0.9754,0.9754,0.0314,场内买入,场内卖出,
2020-07-07,0.9457,0.9457,0.0062,场内买入,场内卖出,
2020-07-06,0.9399,0.9399,0.0604,场内买入,场内卖出,
2020-07-03,0.8864,0.8864,0.0179,场内买入,场内卖出,
2020-07-02,0.8708,0.8708,0.023,场内买入,场内卖出,
2020-07-01,0.8512,0.8512,0.013,场内买入,场内卖出,
2020-06-30,0.8403,0.8403,0.0081999999999999,场内买入,场内卖出,
2020-06-29,0.8335,0.8335,-0.0101,场内买入,场内卖出,
2020-06-24,0.842,0.842,-0.0007,场内买入,场内卖出,
2020-06-23,0.8426,0.8426,-0.0038,场内买入,场内卖出,
2020-06-22,0.8458,0.8458,-0.0017,场内买入,场内卖出,
2020-06-19,0.8472,0.8472,0.0013,场内买入,场内卖出,
2020-06-18,0.8461,0.8461,0.0068,场内买入,场内卖出,
2020-06-17,0.8404,0.8404,0.0036,场内买入,场内卖出,
2020-06-16,0.8374,0.8374,0.0141999999999999,场内买入,场内卖出,
2020-06-15,0.8257,0.8257,-0.0109,场内买入,场内卖出,
2020-06-12,0.8348,0.8348,-0.002,场内买入,场内卖出,
2020-06-11,0.8365,0.8365,-0.0079,场内买入,场内卖出,
2020-06-10,0.8432,0.8432,-0.0064,场内买入,场内卖出,
2020-06-09,0.8486,0.8486,0.0038,场内买入,场内卖出,
2020-06-08,0.8454,0.8454,0.0044,场内买入,场内卖出,
2020-06-05,0.8417,0.8417,0.0014,场内买入,场内卖出,
2020-06-04,0.8405,0.8405,-0.0064,场内买入,场内卖出,
2020-06-03,0.8459,0.8459,-0.0022,场内买入,场内卖出,
2020-06-02,0.8478,0.8478,0.0040999999999999,场内买入,场内卖出,
2020-06-01,0.8443,0.8443,0.0225,场内买入,场内卖出,
2020-05-29,0.8257,0.8257,-0.0025,场内买入,场内卖出,
2020-05-28,0.8278,0.8278,0.0008,场内买入,场内卖出,
2020-05-27,0.8271,0.8271,-0.0086,场内买入,场内卖出,
2020-05-26,0.8343,0.8343,0.0103,场内买入,场内卖出,
2020-05-25,0.8258,0.8258,-0.0118,场内买入,场内卖出,
2020-05-22,0.8357,0.8357,-0.0174,场内买入,场内卖出,
2020-05-21,0.8505,0.8505,-0.0157,场内买入,场内卖出,
2020-05-20,0.8641,0.8641,-0.0085,场内买入,场内卖出,
2020-05-19,0.8715,0.8715,0.0081999999999999,场内买入,场内卖出,
2020-05-18,0.8644,0.8644,0.0003,场内买入,场内卖出,
2020-05-15,0.8641,0.8641,-0.0007,场内买入,场内卖出,
2020-05-14,0.8647,0.8647,-0.0118999999999999,场内买入,场内卖出,
2020-05-13,0.8751,0.8751,-0.0007,场内买入,场内卖出,
2020-05-12,0.8757,0.8757,-0.0051,场内买入,场内卖出,
2020-05-11,0.8802,0.8802,0.0024,场内买入,场内卖出,
2020-05-08,0.8781,0.8781,0.0078,场内买入,场内卖出,
2020-05-07,0.8713,0.8713,-0.0065,场内买入,场内卖出,
2020-05-06,0.877,0.877,0.0135,场内买入,场内卖出,
2020-04-30,0.8653,0.8653,0.0226,场内买入,场内卖出,
2020-04-29,0.8462,0.8462,0.0033,场内买入,场内卖出,
2020-04-28,0.8434,0.8434,-0.0146,场内买入,场内卖出,
2020-04-27,0.8559,0.8559,0.0007,场内买入,场内卖出,
2020-04-24,0.8553,0.8553,-0.012,场内买入,场内卖出,
2020-04-23,0.8657,0.8657,-0.0068,场内买入,场内卖出,
2020-04-22,0.8716,0.8716,-0.0002,场内买入,场内卖出,
2020-04-21,0.8718,0.8718,-0.0064,场内买入,场内卖出,
2020-04-20,0.8774,0.8774,0.009,场内买入,场内卖出,
2020-04-17,0.8696,0.8696,0.0089,场内买入,场内卖出,
2020-04-16,0.8619,0.8619,0.003,场内买入,场内卖出,
2020-04-15,0.8593,0.8593,-0.0069,场内买入,场内卖出,
2020-04-14,0.8653,0.8653,0.0161,场内买入,场内卖出,
2020-04-13,0.8516,0.8516,-0.0029,场内买入,场内卖出,
2020-04-10,0.8541,0.8541,-0.0166,场内买入,场内卖出,
2020-04-09,0.8685,0.8685,0.0023,场内买入,场内卖出,
2020-04-08,0.8665,0.8665,0.0014,场内买入,场内卖出,
2020-04-07,0.8653,0.8653,0.0256,场内买入,场内卖出,
2020-04-03,0.8437,0.8437,-0.0111,场内买入,场内卖出,
2020-04-02,0.8532,0.8532,0.0204999999999999,场内买入,场内卖出,
2020-04-01,0.8361,0.8361,-0.0084,场内买入,场内卖出,
2020-03-31,0.8432,0.8432,-0.0081,场内买入,场内卖出,
2020-03-30,0.8501,0.8501,-0.0105,场内买入,场内卖出,
2020-03-27,0.8591,0.8591,0.0073,场内买入,场内卖出,
2020-03-26,0.8529,0.8529,-0.0171,场内买入,场内卖出,
2020-03-25,0.8677,0.8677,0.0174,场内买入,场内卖出,
2020-03-24,0.8529,0.8529,0.0166,场内买入,场内卖出,
2020-03-23,0.839,0.839,-0.0365,场内买入,场内卖出,
2020-03-20,0.8708,0.8708,0.0062,场内买入,场内卖出,
2020-03-19,0.8654,0.8654,-0.0021,场内买入,场内卖出,
2020-03-18,0.8672,0.8672,-0.0178,场内买入,场内卖出,
2020-03-17,0.8829,0.8829,0.0008,场内买入,场内卖出,
2020-03-16,0.8822,0.8822,-0.0365,场内买入,场内卖出,
2020-03-13,0.9156,0.9156,-0.0064,场内买入,场内卖出,
2020-03-12,0.9215,0.9215,-0.012,场内买入,场内卖出,
2020-03-11,0.9327,0.9327,-0.0132,场内买入,场内卖出,
2020-03-10,0.9452,0.9452,0.0283999999999999,场内买入,场内卖出,
2020-03-09,0.9191,0.9191,-0.0338,场内买入,场内卖出,
2020-03-06,0.9513,0.9513,-0.0158,场内买入,场内卖出,
2020-03-05,0.9666,0.9666,0.01,场内买入,场内卖出,
2020-03-04,0.957,0.957,0.0051,场内买入,场内卖出,
2020-03-03,0.9521,0.9521,0.004,场内买入,场内卖出,
2020-03-02,0.9483,0.9483,0.0538,场内买入,场内卖出,
2020-02-28,0.8999,0.8999,-0.039,场内买入,场内卖出,
2020-02-27,0.9364,0.9364,-0.0033,场内买入,场内卖出,
2020-02-26,0.9395,0.9395,0.0012,场内买入,场内卖出,
2020-02-25,0.9384,0.9384,-0.012,场内买入,场内卖出,
2020-02-24,0.9498,0.9498,0.0055,场内买入,场内卖出,
2020-02-21,0.9446,0.9446,0.0135,场内买入,场内卖出,
2020-02-20,0.932,0.932,0.0108,场内买入,场内卖出,
2020-02-19,0.922,0.922,-0.0015,场内买入,场内卖出,
2020-02-18,0.9234,0.9234,0.0092,场内买入,场内卖出,
2020-02-17,0.915,0.915,0.0323,场内买入,场内卖出,
2020-02-14,0.8864,0.8864,0.0051,场内买入,场内卖出,
2020-02-13,0.8819,0.8819,-0.0046999999999999,场内买入,场内卖出,
2020-02-12,0.8861,0.8861,0.0128,场内买入,场内卖出,
2020-02-11,0.8749,0.8749,0.0006,场内买入,场内卖出,
2020-02-10,0.8744,0.8744,0.0124,场内买入,场内卖出,
2020-02-07,0.8637,0.8637,0.0062,场内买入,场内卖出,
2020-02-06,0.8584,0.8584,0.0181,场内买入,场内卖出,
2020-02-05,0.8431,0.8431,0.0124,场内买入,场内卖出,
2020-02-04,0.8328,0.8328,0.0062,场内买入,场内卖出,
2020-02-03,0.8277,0.8277,-0.0907,场内买入,场内卖出,
2020-01-23,0.9103,0.9103,-0.0314,场内买入,场内卖出,
2020-01-22,0.9398,0.9398,0.0052,场内买入,场内卖出,
2020-01-21,0.9349,0.9349,-0.0177,场内买入,场内卖出,
2020-01-20,0.9517,0.9517,0.0095,场内买入,场内卖出,
2020-01-17,0.9427,0.9427,-0.0056999999999999,场内买入,场内卖出,
2020-01-16,0.9481,0.9481,-0.0005,场内买入,场内卖出,
2020-01-15,0.9486,0.9486,-0.0053,场内买入,场内卖出,
2020-01-14,0.9537,0.9537,-0.0038,场内买入,场内卖出,
2020-01-13,0.9573,0.9573,0.0086,场内买入,场内卖出,
2020-01-10,0.9491,0.9491,-0.0069,场内买入,场内卖出,
2020-01-09,0.9557,0.9557,0.0059,场内买入,场内卖出,
2020-01-08,0.9501,0.9501,-0.0089,场内买入,场内卖出,
2020-01-07,0.9586,0.9586,0.0046,场内买入,场内卖出,
2020-01-06,0.9542,0.9542,0.0060999999999999,场内买入,场内卖出,
2020-01-03,0.9484,0.9484,0.0032,场内买入,场内卖出,
2020-01-02,0.9454,0.9454,0.019,场内买入,场内卖出,
2019-12-31,0.9278,0.9278,0.0065,场内买入,场内卖出,
2019-12-30,0.9218,0.9218,0.0104,场内买入,场内卖出,
2019-12-27,0.9123,0.9123,-0.0045,场内买入,场内卖出,
2019-12-26,0.9164,0.9164,0.0058,场内买入,场内卖出,
2019-12-25,0.9111,0.9111,0.0023,场内买入,场内卖出,
2019-12-24,0.909,0.909,0.0083,场内买入,场内卖出,
2019-12-23,0.9015,0.9015,-0.0166,场内买入,场内卖出,
2019-12-20,0.9167,0.9167,-0.0097,场内买入,场内卖出,
2019-12-19,0.9257,0.9257,0.0005,场内买入,场内卖出,
2019-12-18,0.9252,0.9252,-0.0027,场内买入,场内卖出,
2019-12-17,0.9277,0.9277,0.0,场内买入,场内卖出,
2019-12-13,0.9064,0.9064,0.0,场内买入,场内卖出,
2019-12-11,0.8998,0.8998,0.0,场内买入,场内卖出,
2019-12-06,0.8928,0.8928,0.0,场内买入,场内卖出,
2019-11-29,0.8887,0.8887,0.0,场内买入,场内卖出,
2019-11-22,0.8893,0.8893,0.0,场内买入,场内卖出,
2019-11-15,0.8797,0.8797,0.0,场内买入,场内卖出,
2019-11-08,0.9166,0.9166,0.0,场内买入,场内卖出,
2019-11-01,0.9263,0.9263,0.0,场内买入,场内卖出,
2019-10-25,0.9356,0.9356,0.0,场内买入,场内卖出,
2019-10-18,0.9415,0.9415,0.0,场内买入,场内卖出,
2019-10-11,0.9593,0.9593,0.0,场内买入,场内卖出,
2019-09-30,0.9499,0.9499,-0.0023,场内买入,场内卖出,
2019-09-27,0.9521,0.9521,0.0,场内买入,场内卖出,
2019-09-20,0.9881,0.9881,0.0,场内买入,场内卖出,
